datetime,gps_time_str,lat,lon,val_4,su202,temp_C,humidity_pct,pressure_hPa,cpm,o3_ppm,alt_m
2000-01-01 13:33:00,GPS Time :2025-10-5 7:14,25.297854,76.191831,234.4,0.19,30.45,70.65,985.4,72.0,0.1,-3.6080647002512536
2000-01-01 13:33:06,GPS Time :2025-10-5 7:14,25.297853,76.191831,234.4,0.2,30.47,70.69,985.42,24.0,0.2,-3.788436800442819
2000-01-01 13:33:13,GPS Time :2025-10-5 7:14,25.297853,76.191831,234.4,0.2,30.48,70.72,985.36,36.0,0.2,-3.2473116061651615
2000-01-01 13:33:20,GPS Time :2025-10-5 7:14,25.297852,76.191831,234.3,0.19,30.49,70.73,985.43,60.0,0.2,-3.8786217388750033
2000-01-01 13:33:26,GPS Time :2025-10-5 7:15,25.297852,76.191831,234.3,0.2,30.5,70.78,985.37,24.0,0.2,-3.337500991438453
2000-01-01 13:33:33,GPS Time :2025-10-5 7:15,25.297852,76.191831,234.3,0.19,30.52,70.8,985.29,12.0,0.1,-2.6159651552904086
2000-01-01 13:33:39,GPS Time :2025-10-5 7:15,25.297852,76.191832,234.3,0.2,30.53,70.83,985.36,48.0,0.1,-3.2473116061651615
2000-01-01 13:33:46,GPS Time :2025-10-5 7:15,25.297853,76.191832,234.3,0.21,30.55,70.83,985.34,72.0,0.1,-3.0669306120528046
2000-01-01 13:33:53,GPS Time :2025-10-5 7:15,25.297853,76.191832,234.3,0.2,30.57,70.99,985.35,12.0,0.1,-3.157121479717109
2000-01-01 13:33:59,GPS Time :2025-10-5 7:15,25.297853,76.191832,234.2,0.19,30.59,70.76,985.38,24.0,0.2,-3.4276896355266104
2000-01-01 13:34:06,GPS Time :2025-10-5 7:15,25.297853,76.191832,234.2,0.2,30.6,70.87,985.37,24.0,0.1,-3.337500991438453
2000-01-01 13:34:12,GPS Time :2025-10-5 7:15,25.297854,76.191833,234.2,0.2,30.62,70.88,985.33,108.0,0.1,-2.97673900318262
2000-01-01 13:34:19,GPS Time :2025-10-5 7:15,25.297854,76.191833,234.2,0.2,30.64,70.88,985.39,108.0,0.1,-3.5178775384607532
2000-01-01 13:34:26,GPS Time :2025-10-5 7:16,25.297855,76.191833,234.2,0.21,30.65,70.82,985.39,24.0,0.1,-3.5178775384607532
2000-01-01 13:34:32,GPS Time :2025-10-5 7:16,25.297855,76.191834,234.3,0.21,30.69,70.89,985.31,24.0,0.2,-2.7963535617520026
2000-01-01 13:34:39,GPS Time :2025-10-5 7:16,25.297855,76.191834,234.3,0.2,30.7,70.89,985.33,0.0,0.1,-2.97673900318262
2000-01-01 13:34:46,GPS Time :2025-10-5 7:16,25.297855,76.191834,234.4,0.21,30.72,70.89,985.33,36.0,0.1,-2.97673900318262
2000-01-01 13:34:52,GPS Time :2025-10-5 7:16,25.297856,76.191834,234.5,0.2,30.74,70.88,985.35,24.0,0.1,-3.157121479717109
2000-01-01 13:34:59,GPS Time :2025-10-5 7:16,25.297857,76.191834,234.6,0.21,30.76,70.92,985.38,60.0,0.1,-3.4276896355266104
2000-01-01 13:35:05,GPS Time :2025-10-5 7:16,25.297857,76.191833,234.7,0.21,30.8,70.81,985.44,24.0,0.1,-3.9688059362050367
2000-01-01 13:35:12,GPS Time :2025-10-5 7:16,25.297857,76.191833,234.7,0.21,30.81,70.94,985.36,24.0,0.1,-3.2473116061651615
2000-01-01 13:35:19,GPS Time :2025-10-5 7:16,25.297858,76.191833,234.9,0.2,30.84,70.85,985.4,60.0,0.1,-3.6080647002512536
2000-01-01 13:35:25,GPS Time :2025-10-5 7:17,25.29786,76.191833,235.0,0.21,30.86,70.86,985.38,48.0,0.1,-3.4276896355266104
2000-01-01 13:35:32,GPS Time :2025-10-5 7:17,25.29786,76.191833,235.0,0.22,30.88,70.85,985.36,12.0,0.1,-3.2473116061651615
2000-01-01 13:35:38,GPS Time :2025-10-5 7:17,25.29786,76.191833,235.1,0.22,30.91,70.4,985.36,48.0,0.1,-3.2473116061651615
2000-01-01 13:35:45,GPS Time :2025-10-5 7:17,25.29786,76.191832,235.1,0.21,30.94,70.8,985.46,0.0,0.0,-4.149172107662381
2000-01-01 13:35:52,GPS Time :2025-10-5 7:17,25.29786,76.191832,235.2,0.21,30.95,70.49,985.32,12.0,0.0,-2.8865466530858104
2000-01-01 13:35:58,GPS Time :2025-10-5 7:17,25.29786,76.191831,235.2,0.21,30.99,70.74,985.38,12.0,0.0,-3.4276896355266104
2000-01-01 13:36:05,GPS Time :2025-10-5 7:17,25.297861,76.191831,235.3,0.21,31.01,70.56,985.36,24.0,0.0,-3.2473116061651615
2000-01-01 13:36:11,GPS Time :2025-10-5 7:17,25.297861,76.19183,235.4,0.19,31.03,70.71,985.37,24.0,0.0,-3.337500991438453
2000-01-01 13:36:18,GPS Time :2025-10-5 7:17,25.297861,76.19183,235.4,0.19,31.06,70.71,985.37,24.0,0.0,-3.337500991438453
2000-01-01 13:36:25,GPS Time :2025-10-5 7:18,25.297861,76.19183,235.5,0.18,31.08,70.68,985.38,0.0,0.0,-3.4276896355266104
2000-01-01 13:36:31,GPS Time :2025-10-5 7:18,25.297861,76.191831,235.6,0.19,31.11,70.69,985.4,12.0,0.0,-3.6080647002512536
2000-01-01 13:36:38,GPS Time :2025-10-5 7:18,25.297861,76.191831,235.6,0.18,31.13,70.65,985.41,24.0,0.0,-3.6982511209084845
2000-01-01 13:36:44,GPS Time :2025-10-5 7:18,25.297861,76.191831,235.7,0.17,31.16,70.63,985.35,12.0,0.0,-3.157121479717109
2000-01-01 13:36:51,GPS Time :2025-10-5 7:18,25.297862,76.191831,235.7,0.19,31.18,70.61,985.38,24.0,0.0,-3.4276896355266104
2000-01-01 13:36:58,GPS Time :2025-10-5 7:18,25.297861,76.191831,235.7,0.19,31.22,70.33,985.37,48.0,0.0,-3.337500991438453
2000-01-01 13:37:04,GPS Time :2025-10-5 7:18,25.297861,76.191831,235.7,0.17,31.23,70.39,985.36,24.0,0.0,-3.2473116061651615
2000-01-01 13:37:11,GPS Time :2025-10-5 7:18,25.297861,76.191831,235.7,0.19,31.25,70.37,985.31,36.0,0.0,-2.7963535617520026
2000-01-01 13:37:18,GPS Time :2025-10-5 7:18,25.297861,76.19183,235.7,0.2,31.28,70.31,985.36,24.0,0.0,-3.2473116061651615
2000-01-01 13:37:24,GPS Time :2025-10-5 7:19,25.297861,76.19183,235.7,0.2,31.31,70.27,985.36,96.0,0.0,-3.2473116061651615
2000-01-01 13:37:31,GPS Time :2025-10-5 7:19,25.297861,76.19183,235.7,0.2,31.33,70.21,985.36,0.0,0.0,-3.2473116061651615
2000-01-01 13:37:37,GPS Time :2025-10-5 7:19,25.29786,76.19183,235.7,0.19,31.35,70.17,985.32,12.0,0.0,-2.8865466530858104
2000-01-01 13:37:44,GPS Time :2025-10-5 7:19,25.29786,76.19183,235.7,0.17,31.37,70.13,985.29,36.0,0.0,-2.6159651552904086
2000-01-01 13:37:51,GPS Time :2025-10-5 7:19,25.297859,76.191829,235.7,0.2,31.39,69.74,985.3,48.0,0.0,-2.7061597291500776
2000-01-01 13:37:57,GPS Time :2025-10-5 7:19,25.297859,76.19183,235.7,0.19,31.41,70.05,985.34,24.0,0.0,-3.0669306120528046
2000-01-01 13:38:04,GPS Time :2025-10-5 7:19,25.297859,76.191829,235.6,0.17,31.45,69.98,985.29,12.0,0.0,-2.6159651552904086
2000-01-01 13:38:10,GPS Time :2025-10-5 7:19,25.297868,76.191821,236.2,0.2,31.47,69.95,985.22,12.0,0.0,-1.9845823815621935
2000-01-01 13:38:17,GPS Time :2025-10-5 7:19,25.297872,76.191818,236.2,0.2,31.5,69.91,985.27,12.0,0.0,-2.435573783694109
2000-01-01 13:38:24,GPS Time :2025-10-5 7:20,25.297868,76.191819,236.3,0.23,31.52,69.88,985.26,24.0,0.0,-2.345376985947106
2000-01-01 13:38:30,GPS Time :2025-10-5 7:20,25.297866,76.191826,236.3,0.23,31.54,69.78,985.34,24.0,0.0,-3.0669306120528046
2000-01-01 13:38:37,GPS Time :2025-10-5 7:20,25.297866,76.191826,236.3,0.21,31.57,69.54,985.28,108.0,0.0,-2.5257698401418764
2000-01-01 13:38:43,GPS Time :2025-10-5 7:20,25.297873,76.19183,236.2,0.2,31.59,69.53,985.26,24.0,0.0,-2.345376985947106
2000-01-01 13:38:50,GPS Time :2025-10-5 7:20,25.297874,76.191831,236.2,0.22,31.62,69.55,985.29,0.0,0.0,-2.6159651552904086
2000-01-01 13:38:57,GPS Time :2025-10-5 7:20,25.297868,76.19183,236.2,0.23,31.63,69.57,985.25,24.0,0.0,-2.2551794468697484
2000-01-01 13:39:03,GPS Time :2025-10-5 7:20,25.297873,76.191823,236.3,0.19,31.67,69.28,985.31,36.0,0.0,-2.7963535617520026
2000-01-01 13:39:10,GPS Time :2025-10-5 7:20,25.297873,76.191823,236.3,0.19,31.69,69.2,985.27,24.0,0.0,-2.435573783694109
2000-01-01 13:39:17,GPS Time :2025-10-5 7:20,25.297882,76.191828,236.1,0.21,31.71,69.18,985.31,48.0,0.0,-2.7963535617520026
2000-01-01 13:39:23,GPS Time :2025-10-5 7:21,25.29789,76.191832,236.3,0.23,31.74,69.23,985.31,0.0,0.0,-2.7963535617520026
2000-01-01 13:39:30,GPS Time :2025-10-5 7:21,25.29789,76.191832,236.3,0.24,31.76,69.5,985.3,24.0,0.0,-2.7061597291500776
2000-01-01 13:39:36,GPS Time :2025-10-5 7:21,25.297891,76.191832,236.3,0.24,31.78,69.09,985.31,0.0,0.0,-2.7963535617520026
2000-01-01 13:39:43,GPS Time :2025-10-5 7:21,25.297893,76.191832,236.3,0.18,31.79,69.16,985.27,24.0,0.0,-2.435573783694109
2000-01-01 13:39:50,GPS Time :2025-10-5 7:21,25.297892,76.191835,235.8,0.16,31.82,69.14,985.32,24.0,0.0,-2.8865466530858104
2000-01-01 13:39:56,GPS Time :2025-10-5 7:21,25.297893,76.191836,235.7,0.08,31.83,69.09,985.4,0.0,0.0,-3.6080647002512536
2000-01-01 13:40:03,GPS Time :2025-10-5 7:21,25.297893,76.191836,235.7,0.12,31.85,68.99,985.31,24.0,0.0,-2.7963535617520026
2000-01-01 13:40:09,GPS Time :2025-10-5 7:21,25.297889,76.191841,235.8,0.12,31.87,68.81,985.36,24.0,0.0,-3.2473116061651615
2000-01-01 13:40:16,GPS Time :2025-10-5 7:21,25.297888,76.191841,235.8,0.11,31.88,68.97,985.32,0.0,0.0,-2.8865466530858104
2000-01-01 13:40:23,GPS Time :2025-10-5 7:22,25.297888,76.191839,236.2,0.14,31.91,68.98,985.33,24.0,0.0,-2.97673900318262
2000-01-01 13:40:29,GPS Time :2025-10-5 7:22,25.297893,76.191834,235.9,0.19,31.92,68.93,985.28,72.0,0.0,-2.5257698401418764
2000-01-01 13:40:36,GPS Time :2025-10-5 7:22,25.297893,76.191834,235.9,0.12,31.94,69.15,985.31,36.0,0.0,-2.7963535617520026
2000-01-01 13:40:43,GPS Time :2025-10-5 7:22,25.297889,76.191833,236.7,0.23,31.96,68.56,984.84,48.0,0.0,1.4435581028446887
2000-01-01 13:40:49,GPS Time :2025-10-5 7:22,25.297964,76.191902,236.7,0.23,32.0,68.73,982.71,60.0,0.0,20.679040937271466
2000-01-01 13:40:56,GPS Time :2025-10-5 7:22,25.298014,76.192162,259.6,0.22,32.01,68.45,980.06,36.0,0.0,44.657697814261624
2000-01-01 13:41:02,GPS Time :2025-10-5 7:22,25.298135,76.192482,284.7,0.22,32.01,68.16,977.52,12.0,0.0,67.69034407870473
2000-01-01 13:41:09,GPS Time :2025-10-5 7:22,25.298135,76.192482,284.7,0.25,32.03,67.97,974.77,24.0,0.0,92.68196868717821
2000-01-01 13:41:16,GPS Time :2025-10-5 7:22,25.298245,76.193078,332.4,0.23,32.04,67.84,971.89,12.0,0.0,118.9162968817522
2000-01-01 13:41:22,GPS Time :2025-10-5 7:23,25.298402,76.193503,360.4,0.27,32.04,67.57,969.17,12.0,0.0,143.75102951020367
2000-01-01 13:41:29,GPS Time :2025-10-5 7:23,25.298537,76.19373,383.5,0.24,32.05,67.09,966.14,24.0,0.0,171.48273618186363
2000-01-01 13:41:35,GPS Time :2025-10-5 7:23,25.298589,76.193938,411.7,0.23,32.05,67.42,963.67,60.0,0.0,194.14126517182703
2000-01-01 13:41:42,GPS Time :2025-10-5 7:23,25.298563,76.194101,411.7,0.24,32.06,66.64,961.1,12.0,0.0,217.76712215445377
2000-01-01 13:41:49,GPS Time :2025-10-5 7:23,25.298593,76.194376,457.0,0.24,32.08,66.31,958.82,36.0,0.0,238.76989013316654
2000-01-01 13:41:55,GPS Time :2025-10-5 7:23,25.298563,76.195073,499.8,0.24,32.09,66.02,956.46,12.0,0.0,260.5522367249732
2000-01-01 13:42:02,GPS Time :2025-10-5 7:23,25.298563,76.195073,499.8,0.24,32.07,65.54,954.07,12.0,0.0,282.65587886852944
2000-01-01 13:42:08,GPS Time :2025-10-5 7:23,25.298558,76.195309,522.7,0.28,32.06,65.32,951.57,24.0,0.0,305.824876674915
2000-01-01 13:42:15,GPS Time :2025-10-5 7:23,25.298578,76.195558,522.7,0.26,32.08,65.44,949.26,24.0,0.0,327.27688670553255
2000-01-01 13:42:22,GPS Time :2025-10-5 7:24,25.298546,76.195948,566.6,0.28,32.07,64.91,946.63,0.0,0.0,351.7521273610921
2000-01-01 13:42:28,GPS Time :2025-10-5 7:24,25.298455,76.19628,592.1,0.27,32.07,64.95,943.96,36.0,0.0,376.6560066039275
2000-01-01 13:42:35,GPS Time :2025-10-5 7:24,25.298455,76.19628,592.1,0.27,32.07,65.12,940.62,12.0,0.0,407.8896085918896
2000-01-01 13:42:42,GPS Time :2025-10-5 7:24,25.29824,76.197095,647.3,0.27,32.07,65.0,938.23,48.0,0.0,430.2945725549395
2000-01-01 13:42:48,GPS Time :2025-10-5 7:24,25.297876,76.197532,671.3,0.25,32.08,64.37,935.96,0.0,0.0,451.6174361689855
2000-01-01 13:42:55,GPS Time :2025-10-5 7:24,25.297735,76.197966,691.0,0.27,32.07,63.7,933.8,0.0,0.0,471.94595138264447
2000-01-01 13:43:01,GPS Time :2025-10-5 7:24,25.297467,76.198412,712.4,0.22,32.06,63.42,931.66,12.0,0.0,492.1238248736608
2000-01-01 13:43:08,GPS Time :2025-10-5 7:24,25.297467,76.198412,712.4,0.26,32.06,63.43,929.71,24.0,0.0,510.542912529955
2000-01-01 13:43:15,GPS Time :2025-10-5 7:24,25.296809,76.199381,750.8,0.21,32.05,63.42,927.68,0.0,0.0,529.7509204591157
2000-01-01 13:43:21,GPS Time :2025-10-5 7:25,25.296476,76.199933,770.8,0.21,32.03,63.68,925.28,12.0,0.0,552.5038524211923
2000-01-01 13:43:28,GPS Time :2025-10-5 7:25,25.296208,76.200322,790.6,0.22,32.02,62.83,923.21,36.0,0.0,572.1666737971997
2000-01-01 13:43:34,GPS Time :2025-10-5 7:25,25.295975,76.200734,812.4,0.25,32.01,62.74,921.21,0.0,0.0,591.1985087038643
2000-01-01 13:43:41,GPS Time :2025-10-5 7:25,25.295645,76.201083,812.4,0.29,32.0,62.2,919.2,48.0,0.0,610.3592434218485
2000-01-01 13:43:48,GPS Time :2025-10-5 7:25,25.295432,76.201412,850.3,0.3,31.99,62.05,917.1,12.0,0.0,630.4141970034783
2000-01-01 13:43:54,GPS Time :2025-10-5 7:25,25.29523,76.201761,871.3,0.32,31.98,61.92,915.22,36.0,0.0,648.3997274825281
2000-01-01 13:44:01,GPS Time :2025-10-5 7:25,25.29523,76.201761,871.3,0.31,31.98,62.0,913.26,12.0,0.0,667.1824818260939
2000-01-01 13:44:08,GPS Time :2025-10-5 7:25,25.294775,76.202389,907.7,0.31,31.96,61.75,911.25,12.0,0.0,686.4783211464206
2000-01-01 13:44:14,GPS Time :2025-10-5 7:25,25.294579,76.202707,928.7,0.31,31.96,61.8,909.29,36.0,0.0,705.3273834480682
2000-01-01 13:44:21,GPS Time :2025-10-5 7:25,25.294477,76.202981,945.7,0.33,31.94,61.15,907.29,48.0,0.0,724.5950660697924
2000-01-01 13:44:27,GPS Time :2025-10-5 7:26,25.294343,76.203269,966.8,0.28,31.93,61.39,904.84,0.0,0.0,748.2449054361957
2000-01-01 13:44:34,GPS Time :2025-10-5 7:26,25.294343,76.203269,966.8,0.31,31.94,61.18,902.82,0.0,0.0,767.7829901354875
2000-01-01 13:44:41,GPS Time :2025-10-5 7:26,25.294102,76.203853,1008.3,0.32,31.92,60.74,900.77,12.0,0.0,787.6474700536145
2000-01-01 13:44:47,GPS Time :2025-10-5 7:26,25.293974,76.204184,1029.3,0.3,31.9,60.56,898.7,60.0,0.0,807.7429306214136
2000-01-01 13:44:54,GPS Time :2025-10-5 7:26,25.293914,76.204423,1047.8,0.32,31.89,59.82,896.62,36.0,0.0,827.9732599811201
2000-01-01 13:45:00,GPS Time :2025-10-5 7:26,25.293817,76.204614,1068.7,0.29,31.87,60.6,894.5,24.0,0.0,848.6317787726604
2000-01-01 13:45:07,GPS Time :2025-10-5 7:26,25.293722,76.204938,1068.7,0.29,31.87,60.62,892.61,24.0,0.0,867.0824992232496
2000-01-01 13:45:14,GPS Time :2025-10-5 7:26,25.293654,76.2051,1108.8,0.28,31.85,60.65,890.49,24.0,0.0,887.8162285007106
2000-01-01 13:45:20,GPS Time :2025-10-5 7:26,25.293582,76.205294,1129.9,0.24,31.84,60.49,888.57,12.0,0.0,906.6284671985813
2000-01-01 13:45:27,GPS Time :2025-10-5 7:27,25.293547,76.205571,1146.3,0.32,31.83,60.71,886.88,0.0,0.0,923.2144142039127
2000-01-01 13:45:33,GPS Time :2025-10-5 7:27,25.293482,76.205693,1165.3,0.29,31.82,60.18,885.07,24.0,0.0,941.0064696753806
2000-01-01 13:45:40,GPS Time :2025-10-5 7:27,25.293364,76.2059,1165.3,0.28,31.82,61.13,883.12,60.0,0.0,960.2077074262614
2000-01-01 13:45:47,GPS Time :2025-10-5 7:27,25.293376,76.206109,1200.8,0.31,31.81,59.87,881.29,48.0,0.0,978.258584620031
2000-01-01 13:45:53,GPS Time :2025-10-5 7:27,25.293267,76.206264,1220.7,0.33,31.78,60.28,879.49,12.0,0.0,996.0431804495229
2000-01-01 13:46:00,GPS Time :2025-10-5 7:27,25.293267,76.206264,1220.7,0.32,31.75,59.66,877.62,0.0,0.0,1014.5506433458746
2000-01-01 13:46:07,GPS Time :2025-10-5 7:27,25.293232,76.206583,1256.1,0.31,31.74,60.1,875.65,0.0,0.0,1034.0823831341334
2000-01-01 13:46:13,GPS Time :2025-10-5 7:27,25.293222,76.206743,1276.7,0.32,31.74,59.57,873.83,24.0,0.0,1052.158582277275
2000-01-01 13:46:20,GPS Time :2025-10-5 7:27,25.293253,76.206834,1293.5,0.33,31.72,59.98,871.82,24.0,0.0,1072.157319142752
2000-01-01 13:46:26,GPS Time :2025-10-5 7:28,25.293265,76.206952,1314.5,0.31,31.7,59.48,869.9,12.0,0.0,1091.295487175579
2000-01-01 13:46:33,GPS Time :2025-10-5 7:28,25.293265,76.206952,1314.5,0.34,31.69,58.89,868.16,12.0,0.0,1108.6690205160135
2000-01-01 13:46:40,GPS Time :2025-10-5 7:28,25.293217,76.207269,1350.8,0.35,31.67,59.76,866.2,12.0,0.0,1128.2730102430323
2000-01-01 13:46:46,GPS Time :2025-10-5 7:28,25.293293,76.207421,1371.5,0.33,31.66,59.05,864.3,12.0,0.0,1147.31119624012
2000-01-01 13:46:53,GPS Time :2025-10-5 7:28,25.293266,76.207634,1389.1,0.33,31.65,59.47,862.43,24.0,0.0,1166.0819003491856
2000-01-01 13:46:59,GPS Time :2025-10-5 7:28,25.293302,76.207815,1408.6,0.31,31.63,59.1,860.71,12.0,0.0,1183.376054244733
2000-01-01 13:47:06,GPS Time :2025-10-5 7:28,25.29323,76.208016,1408.6,0.3,31.62,59.46,858.88,36.0,0.0,1201.8069845246534
2000-01-01 13:47:13,GPS Time :2025-10-5 7:28,25.293313,76.208182,1443.9,0.28,31.6,58.9,857.1,48.0,0.0,1219.76487166855
2000-01-01 13:47:19,GPS Time :2025-10-5 7:29,25.293369,76.208549,1479.8,0.28,31.59,59.3,855.26,24.0,0.0,1238.3598532385054
2000-01-01 13:47:26,GPS Time :2025-10-5 7:29,25.293369,76.208549,1479.8,0.27,31.58,58.81,853.44,12.0,0.0,1256.7846117659685
2000-01-01 13:47:32,GPS Time :2025-10-5 7:29,25.293353,76.208762,1499.7,0.25,31.55,58.0,851.59,60.0,0.0,1275.5457125094233
2000-01-01 13:47:39,GPS Time :2025-10-5 7:29,25.293419,76.208968,1499.7,0.22,31.53,57.9,849.69,12.0,0.0,1294.8482554645905
2000-01-01 13:47:46,GPS Time :2025-10-5 7:29,25.293393,76.209183,1536.8,0.26,31.53,58.19,847.82,48.0,0.0,1313.880180300577
2000-01-01 13:47:52,GPS Time :2025-10-5 7:29,25.293379,76.209323,1556.4,0.22,31.49,57.58,845.95,36.0,0.0,1332.9461283033324
2000-01-01 13:47:59,GPS Time :2025-10-5 7:29,25.293379,76.209323,1556.4,0.25,31.48,57.2,844.15,0.0,0.0,1351.330641397267
2000-01-01 13:48:06,GPS Time :2025-10-5 7:29,25.29337,76.209678,1594.2,0.22,31.47,58.38,842.41,24.0,0.0,1369.1325372534727
2000-01-01 13:48:12,GPS Time :2025-10-5 7:29,25.293393,76.209884,1612.8,0.25,31.43,57.16,840.38,12.0,0.0,1389.939087917317
2000-01-01 13:48:19,GPS Time :2025-10-5 7:29,25.29338,76.210001,1630.9,0.22,31.43,57.83,838.62,0.0,0.0,1408.0112301459699
2000-01-01 13:48:25,GPS Time :2025-10-5 8:30,25.293478,76.21014,1650.8,0.23,31.4,57.26,836.72,12.0,0.0,1427.5554367985249
2000-01-01 13:48:32,GPS Time :2025-10-5 8:30,25.293478,76.21014,1650.8,0.23,31.39,57.14,834.94,0.0,0.0,1445.897904981726
2000-01-01 13:48:39,GPS Time :2025-10-5 8:30,25.29356,76.210336,1688.8,0.22,31.36,57.35,833.03,12.0,0.0,1465.6152444719164
2000-01-01 13:48:45,GPS Time :2025-10-5 8:30,25.293634,76.210488,1708.9,0.23,31.35,56.62,831.21,36.0,0.0,1484.43758612858
2000-01-01 13:48:52,GPS Time :2025-10-5 8:30,25.293659,76.2106,1726.4,0.22,31.32,57.73,829.19,12.0,0.0,1505.367433342447
2000-01-01 13:48:58,GPS Time :2025-10-5 8:30,25.293714,76.210755,1748.3,0.22,31.3,56.42,827.24,0.0,0.0,1525.6111926348765
2000-01-01 13:49:05,GPS Time :2025-10-5 8:30,25.293856,76.210938,1748.3,0.24,31.28,56.33,825.21,36.0,0.0,1546.726559309579
2000-01-01 13:49:12,GPS Time :2025-10-5 8:30,25.29391,76.211055,1789.5,0.27,31.26,57.08,823.0,0.0,0.0,1569.7621010099817
2000-01-01 13:49:18,GPS Time :2025-10-5 8:31,25.294069,76.211389,1837.6,0.32,31.24,56.44,820.45,36.0,0.0,1596.4038983948292
2000-01-01 13:49:25,GPS Time :2025-10-5 8:31,25.294069,76.211389,1837.6,0.41,31.23,55.73,817.99,0.0,0.0,1622.1690177642856
2000-01-01 13:49:31,GPS Time :2025-10-5 8:31,25.294216,76.211532,1865.5,0.37,31.21,55.56,815.52,12.0,0.0,1648.1020798799857
2000-01-01 13:49:38,GPS Time :2025-10-5 8:31,25.294234,76.211804,1865.5,0.4,31.19,55.11,813.46,48.0,0.0,1669.779152010192
2000-01-01 13:49:45,GPS Time :2025-10-5 8:31,25.294311,76.211869,1912.7,0.37,31.15,54.51,811.54,12.0,0.0,1690.0230857178844
2000-01-01 13:49:51,GPS Time :2025-10-5 8:31,25.294335,76.21214,1933.2,0.4,31.12,55.19,809.34,0.0,0.0,1713.2669958136084
2000-01-01 13:49:58,GPS Time :2025-10-5 8:31,25.294335,76.21214,1933.2,0.41,31.09,54.97,807.17,12.0,0.0,1736.244120123408
2000-01-01 13:50:05,GPS Time :2025-10-5 8:31,25.294378,76.212524,1979.8,0.56,31.05,54.62,804.43,24.0,0.0,1765.3282747634676
2000-01-01 13:50:11,GPS Time :2025-10-5 8:31,25.294468,76.212899,2009.8,0.51,31.07,54.95,801.76,24.0,0.0,1793.7466785941328
2000-01-01 13:50:18,GPS Time :2025-10-5 8:31,25.294473,76.213207,2035.8,0.51,31.04,54.34,799.91,12.0,0.0,1813.4823117732612
2000-01-01 13:50:24,GPS Time :2025-10-5 8:32,25.294444,76.213447,2057.4,0.46,30.99,53.91,798.15,12.0,0.1,1832.2921707930495
2000-01-01 13:50:31,GPS Time :2025-10-5 8:32,25.294514,76.2,2057.4,0.5,30.97,54.61,796.45,60.0,0.1,1850.4927012929109
2000-01-01 13:50:38,GPS Time :2025-10-5 8:32,25.294549,76.214009,2093.8,0.38,30.96,54.3,794.76,0.0,0.1,1868.6173782297071
2000-01-01 13:50:44,GPS Time :2025-10-5 8:32,25.294583,76.214314,2112.0,0.43,30.93,54.61,793.27,0.0,0.1,1884.6230292636985
2000-01-01 13:50:51,GPS Time :2025-10-5 8:32,25.294614,76.214565,2127.3,0.43,30.9,54.1,791.72,24.0,0.1,1901.2990589313667
2000-01-01 13:50:57,GPS Time :2025-10-5 8:32,25.294627,76.214762,2144.8,0.43,30.87,54.55,789.97,12.0,0.1,1920.1586388193898
2000-01-01 13:51:04,GPS Time :2025-10-5 8:32,25.294653,76.215062,2144.8,0.52,30.85,53.73,788.37,48.0,0.1,1937.4313127736916
2000-01-01 13:51:11,GPS Time :2025-10-5 8:32,25.294656,76.215233,2180.3,0.59,30.82,54.04,786.58,12.0,0.1,1956.7887926037376
2000-01-01 13:51:17,GPS Time :2025-10-5 8:32,25.294602,76.215506,2200.9,0.51,30.79,53.7,785.01,24.0,0.1,1973.7965278073768
2000-01-01 13:51:24,GPS Time :2025-10-5 8:33,25.294636,76.21575,2217.0,0.45,30.78,54.26,783.24,36.0,0.1,1993.0039167705233
2000-01-01 13:51:30,GPS Time :2025-10-5 8:33,25.294571,76.215995,2236.8,0.5,30.74,53.88,781.54,36.0,0.1,2011.4848113629814
2000-01-01 13:51:37,GPS Time :2025-10-5 8:33,25.294582,76.216179,2236.8,0.5,30.72,54.17,779.82,36.0,0.1,2030.2162873519749
2000-01-01 13:51:44,GPS Time :2025-10-5 8:33,25.294436,76.216377,2272.7,0.49,30.7,53.94,778.04,0.0,0.1,2049.6364468557185
2000-01-01 13:51:50,GPS Time :2025-10-5 8:33,25.294338,76.216842,2310.9,0.6,30.67,53.64,776.25,24.0,0.1,2069.2020240479105
2000-01-01 13:51:57,GPS Time :2025-10-5 8:33,25.294338,76.216842,2310.9,0.53,30.64,54.29,774.6,24.0,0.1,2087.2697199404815
2000-01-01 13:52:03,GPS Time :2025-10-5 8:33,25.294297,76.217165,2330.1,0.64,30.62,53.15,773.02,0.0,0.1,2104.600141505548
2000-01-01 13:52:10,GPS Time :2025-10-5 8:33,25.294183,76.217355,2330.1,0.55,30.61,53.86,771.25,36.0,0.1,2124.0486999336504
2000-01-01 13:52:17,GPS Time :2025-10-5 8:33,25.294105,76.217706,2366.7,0.75,30.57,53.7,769.55,12.0,0.1,2142.7621638816554
2000-01-01 13:52:23,GPS Time :2025-10-5 8:34,25.294017,76.21798,2386.4,0.6,30.54,52.78,767.91,36.0,0.1,2160.846904037191
2000-01-01 13:52:30,GPS Time :2025-10-5 8:34,25.294017,76.21798,2386.4,0.53,30.52,53.44,765.89,12.0,0.1,2183.1650468397806
2000-01-01 13:52:37,GPS Time :2025-10-5 8:34,25.293797,76.218647,2426.5,0.66,30.5,53.52,763.56,12.0,0.1,2208.967528945556
2000-01-01 13:52:43,GPS Time :2025-10-5 8:34,25.293593,76.218901,2453.4,0.53,30.47,51.89,761.36,24.0,0.1,2233.388976020695
2000-01-01 13:52:50,GPS Time :2025-10-5 8:34,25.293445,76.21929,2475.4,0.61,30.43,51.81,759.71,0.0,0.1,2251.7425895906404
2000-01-01 13:52:56,GPS Time :2025-10-5 8:34,25.293417,76.219578,2495.8,0.56,30.39,51.62,757.9,60.0,0.1,2271.9131111134807
2000-01-01 13:53:03,GPS Time :2025-10-5 8:34,25.293417,76.219578,2495.8,0.56,30.37,51.13,756.29,12.0,0.1,2289.887652661909
2000-01-01 13:53:10,GPS Time :2025-10-5 8:34,25.293142,76.220207,2533.4,0.58,30.35,51.52,754.81,12.0,0.0,2306.438188239623
2000-01-01 13:53:16,GPS Time :2025-10-5 8:34,25.293095,76.220546,2551.0,0.5,30.33,52.72,753.23,48.0,0.0,2324.1360305628964
2000-01-01 13:53:23,GPS Time :2025-10-5 8:35,25.292946,76.220829,2566.5,0.44,30.28,50.13,751.72,36.0,0.0,2341.0779071452666
2000-01-01 13:53:29,GPS Time :2025-10-5 8:35,25.292808,76.221207,2584.8,0.6,30.26,50.92,750.21,72.0,0.1,2358.0473642002567
2000-01-01 13:53:36,GPS Time :2025-10-5 8:35,25.292808,76.221207,2584.8,0.62,30.23,50.5,748.62,12.0,0.1,2375.94578695143
2000-01-01 13:53:43,GPS Time :2025-10-5 8:35,25.292611,76.221712,2619.3,0.5,30.19,49.71,747.09,24.0,0.1,2393.197883983303
2000-01-01 13:53:49,GPS Time :2025-10-5 8:35,25.292521,76.222089,2637.5,0.57,30.16,50.71,745.47,36.0,0.1,2411.4960229267313
2000-01-01 13:53:56,GPS Time :2025-10-5 8:35,25.292399,76.222326,2653.8,0.63,30.12,50.53,744.05,12.0,0.1,2427.5616339415888
2000-01-01 13:54:02,GPS Time :2025-10-5 8:35,25.292301,76.222584,2671.3,0.56,30.1,49.77,742.57,36.0,0.1,2444.332519550507
2000-01-01 13:54:09,GPS Time :2025-10-5 8:35,25.292205,76.222917,2671.3,0.59,30.07,50.56,740.98,24.0,0.1,2462.3800767537664
2000-01-01 13:54:16,GPS Time :2025-10-5 8:35,25.292036,76.223159,2704.9,0.58,30.06,50.94,739.55,24.0,0.1,2478.638332501089
2000-01-01 13:54:22,GPS Time :2025-10-5 8:36,25.291975,76.22348,2722.7,0.59,30.01,48.81,737.71,36.0,0.1,2499.595539823778
2000-01-01 13:54:29,GPS Time :2025-10-5 8:36,25.29187,76.223765,2741.2,0.57,29.98,48.82,736.28,12.0,0.1,2515.9121857883288
2000-01-01 13:54:35,GPS Time :2025-10-5 8:36,25.291659,76.223989,2759.3,0.5,29.95,49.42,734.58,72.0,0.1,2535.343018037279
2000-01-01 13:54:42,GPS Time :2025-10-5 8:36,25.291565,76.224279,2759.3,0.45,29.92,48.12,732.91,36.0,0.1,2554.466441306806
2000-01-01 13:54:49,GPS Time :2025-10-5 8:36,25.291463,76.224515,2797.5,0.53,29.91,49.7,731.44,12.0,0.1,2571.3288563053147
2000-01-01 13:54:55,GPS Time :2025-10-5 8:36,25.291346,76.224702,2815.7,0.46,29.87,48.65,729.76,0.0,0.0,2590.6338240488035
2000-01-01 13:55:02,GPS Time :2025-10-5 8:36,25.291346,76.224702,2815.7,0.45,29.81,46.87,727.94,36.0,0.1,2611.5881937902273
2000-01-01 13:55:08,GPS Time :2025-10-5 8:36,25.291135,76.225145,2855.6,0.52,29.78,48.65,726.15,24.0,0.0,2632.2385840242746
2000-01-01 13:55:15,GPS Time :2025-10-5 8:36,25.291095,76.225299,2855.6,0.48,29.77,47.68,724.61,0.0,0.0,2650.0378551777007
2000-01-01 13:55:22,GPS Time :2025-10-5 8:37,25.290949,76.225475,2894.1,0.47,29.72,46.66,722.88,36.0,0.0,2670.0697123912496
2000-01-01 13:55:28,GPS Time :2025-10-5 8:37,25.290792,76.225627,2914.9,0.6,29.7,47.61,721.39,12.0,0.0,2687.3537238100485
2000-01-01 13:55:35,GPS Time :2025-10-5 8:37,25.290792,76.225627,2914.9,0.65,29.66,45.96,719.64,48.0,0.0,2707.690691535709
2000-01-01 13:55:41,GPS Time :2025-10-5 8:37,25.290559,76.225853,2951.9,0.55,29.64,45.96,718.01,24.0,0.0,2726.6691786555075
2000-01-01 13:55:48,GPS Time :2025-10-5 8:37,25.290441,76.225974,2951.9,0.65,29.61,46.24,716.58,36.0,0.0,2743.3477687352497
2000-01-01 13:55:55,GPS Time :2025-10-5 8:37,25.290324,76.226102,2987.3,0.72,29.58,46.1,714.99,36.0,0.0,2761.924169161206
2000-01-01 13:56:01,GPS Time :2025-10-5 8:37,25.290252,76.2263,3007.8,0.7,29.53,45.22,713.35,60.0,0.0,2781.119812870886
2000-01-01 13:56:08,GPS Time :2025-10-5 8:37,25.290252,76.2263,3007.8,0.53,29.5,47.11,711.76,48.0,0.0,2799.7643725381786
2000-01-01 13:56:15,GPS Time :2025-10-5 8:37,25.289988,76.226685,3044.2,0.72,29.47,47.4,710.25,24.0,0.0,2817.502091844666
2000-01-01 13:56:21,GPS Time :2025-10-5 8:38,25.289891,76.226796,3044.2,0.52,29.45,46.52,708.64,0.0,0.0,2836.4481640773874
2000-01-01 13:56:28,GPS Time :2025-10-5 8:38,25.289783,76.226975,3080.4,0.81,29.43,45.55,706.9,60.0,0.0,2856.9632758515436
2000-01-01 13:56:34,GPS Time :2025-10-5 8:38,25.289616,76.227103,3102.1,0.68,29.38,44.17,705.36,24.0,0.0,2875.1544682233866
2000-01-01 13:56:41,GPS Time :2025-10-5 8:38,25.289616,76.227103,3102.1,0.67,29.34,45.67,703.58,24.0,0.0,2896.2207657209806
2000-01-01 13:56:48,GPS Time :2025-10-5 8:38,25.289358,76.22742,3140.9,0.75,29.31,44.58,701.99,24.0,0.0,2915.0749386475977
2000-01-01 13:56:54,GPS Time :2025-10-5 8:38,25.289085,76.227692,3140.9,0.81,29.29,45.86,700.41,12.0,0.0,2933.844818641181
2000-01-01 13:57:01,GPS Time :2025-10-5 8:38,25.289085,76.227692,3178.3,0.77,29.26,44.79,698.62,24.0,0.0,2955.1509007207546
2000-01-01 13:57:07,GPS Time :2025-10-5 8:38,25.288929,76.227844,3199.7,0.74,29.22,44.81,697.08,84.0,0.0,2973.5166782539204
2000-01-01 13:57:14,GPS Time :2025-10-5 8:38,25.288929,76.227844,3199.7,0.58,29.19,44.49,695.24,72.0,0.1,2995.50333452723
2000-01-01 13:57:21,GPS Time :2025-10-5 8:38,25.288726,76.228139,3240.4,0.58,29.15,45.26,693.05,48.0,0.1,3021.733737278122
2000-01-01 13:57:27,GPS Time :2025-10-5 8:39,25.288515,76.228201,3240.4,0.66,29.11,42.5,690.71,84.0,0.0,3049.8350208596594
2000-01-01 13:57:34,GPS Time :2025-10-5 8:39,25.2884,76.228201,3293.4,0.55,29.07,43.13,688.35,60.0,0.0,3078.254678784196
2000-01-01 13:57:40,GPS Time :2025-10-5 8:39,25.288303,76.228452,3322.8,0.69,29.04,42.82,686.61,12.0,0.0,3099.2587301753697
2000-01-01 13:57:47,GPS Time :2025-10-5 8:39,25.288303,76.228452,3322.8,0.59,29.0,42.24,684.87,48.0,0.0,3120.305928925084
2000-01-01 13:57:54,GPS Time :2025-10-5 8:39,25.287951,76.228543,3365.4,0.59,28.97,42.87,683.2,48.0,0.0,3140.5471640963756
2000-01-01 13:58:00,GPS Time :2025-10-5 8:39,25.287715,76.228859,3365.4,0.68,28.92,41.87,681.45,36.0,0.0,3161.801075459075
2000-01-01 13:58:07,GPS Time :2025-10-5 8:39,25.287715,76.228859,3405.7,0.61,28.89,41.46,679.95,36.0,0.0,3180.0539211056666
2000-01-01 13:58:13,GPS Time :2025-10-5 8:39,25.287498,76.229063,3426.4,0.65,28.85,42.87,678.38,12.0,0.0,3199.1935246143885
2000-01-01 13:58:20,GPS Time :2025-10-5 8:39,25.287498,76.229063,3426.4,0.67,28.8,41.29,676.58,84.0,0.0,3221.181206119893
2000-01-01 13:58:27,GPS Time :2025-10-5 8:40,25.287259,76.229367,3465.5,0.67,28.77,41.14,675.12,36.0,0.0,3239.050479047607
2000-01-01 13:58:33,GPS Time :2025-10-5 8:40,25.287205,76.229597,3484.5,0.64,28.73,41.35,673.67,24.0,0.0,3256.828358620178
2000-01-01 13:58:40,GPS Time :2025-10-5 8:40,25.287153,76.229795,3501.1,0.54,28.69,40.97,672.15,48.0,0.0,3275.497777779754
2000-01-01 13:58:46,GPS Time :2025-10-5 8:40,25.287014,76.230007,3521.0,0.62,28.65,40.29,670.47,84.0,0.0,3296.1722167002467
2000-01-01 13:58:53,GPS Time :2025-10-5 8:40,25.287014,76.230007,3521.0,0.58,28.61,39.45,669.01,36.0,0.0,3314.1733858016973
2000-01-01 13:59:00,GPS Time :2025-10-5 8:40,25.286899,76.230445,3559.7,0.55,28.57,40.54,667.42,36.0,0.0,3333.8136216227763
2000-01-01 13:59:06,GPS Time :2025-10-5 8:40,25.286799,76.230699,3579.3,0.71,28.54,40.89,666.02,36.0,0.0,3351.138303829151
2000-01-01 13:59:13,GPS Time :2025-10-5 8:40,25.286727,76.230888,3595.6,0.55,28.5,41.3,664.48,48.0,0.0,3370.2295483367798
2000-01-01 13:59:19,GPS Time :2025-10-5 8:40,25.286649,76.231192,3616.3,0.62,28.46,40.16,663.02,24.0,0.0,3388.362154363035
2000-01-01 13:59:26,GPS Time :2025-10-5 8:40,25.286649,76.231192,3616.3,0.76,28.43,41.4,661.46,36.0,0.0,3407.772486111886
2000-01-01 13:59:33,GPS Time :2025-10-5 8:41,25.286441,76.231627,3652.3,0.57,28.39,40.57,659.92,60.0,0.0,3426.970361493829
2000-01-01 13:59:39,GPS Time :2025-10-5 8:41,25.286338,76.231977,3673.1,0.67,28.35,40.77,658.38,60.0,0.0,3446.204549633804
2000-01-01 13:59:46,GPS Time :2025-10-5 8:41,25.286234,76.232185,3691.0,0.65,28.31,39.71,656.92,36.0,0.0,3464.4732309695305
2000-01-01 13:59:52,GPS Time :2025-10-5 8:41,25.286191,76.232473,3709.9,0.61,28.27,40.3,655.46,48.0,0.0,3482.7748205419025
2000-01-01 13:59:59,GPS Time :2025-10-5 8:41,25.286191,76.232473,3709.9,0.84,28.23,39.62,653.95,36.0,0.0,3501.7379361861754
2000-01-01 14:00:06,GPS Time :2025-10-5 8:41,25.286023,76.23304,3746.9,0.53,28.19,41.04,652.54,12.0,0.1,3519.477256345602
2000-01-01 14:00:12,GPS Time :2025-10-5 8:41,25.285943,76.233399,3765.4,0.58,28.15,39.5,651.03,48.0,0.1,3538.5091373059577
2000-01-01 14:00:19,GPS Time :2025-10-5 8:41,25.285851,76.233676,3783.1,0.61,28.11,39.05,649.57,48.0,0.1,3556.944843747208
2000-01-01 14:00:25,GPS Time :2025-10-5 8:42,25.2858,76.234041,3802.6,0.45,28.08,39.66,648.18,12.0,0.0,3574.5278528665226
2000-01-01 14:00:32,GPS Time :2025-10-5 8:42,25.2858,76.234041,3802.6,0.4,28.03,39.31,646.61,36.0,0.0,3594.424557131477
2000-01-01 14:00:39,GPS Time :2025-10-5 8:42,25.285746,76.234747,3840.0,0.4,28.0,39.9,645.11,60.0,0.1,3613.470723815873
2000-01-01 14:00:45,GPS Time :2025-10-5 8:42,25.285651,76.235128,3859.7,0.57,27.96,40.07,643.7,36.0,0.1,3631.4068472730555
2000-01-01 14:00:52,GPS Time :2025-10-5 8:42,25.28566,76.235409,3876.5,0.41,27.95,38.55,642.06,60.0,0.0,3652.3087881796387
2000-01-01 14:00:58,GPS Time :2025-10-5 8:42,25.285643,76.23585,3898.4,0.77,27.91,39.42,640.47,36.0,0.0,3672.6147920896606
2000-01-01 14:01:05,GPS Time :2025-10-5 8:42,25.285643,76.23585,3898.4,0.67,27.86,39.0,639.19,24.0,0.0,3688.99144395654
2000-01-01 14:01:12,GPS Time :2025-10-5 8:42,25.285655,76.23677,3936.0,0.57,27.82,38.98,637.63,72.0,0.1,3708.986432826302
2000-01-01 14:01:18,GPS Time :2025-10-5 8:42,25.285655,76.237293,3956.2,0.65,27.75,37.21,636.31,60.0,0.1,3725.9362339175
2000-01-01 14:01:25,GPS Time :2025-10-5 8:43,25.285697,76.237721,3971.9,0.91,27.7,38.61,634.9,36.0,0.1,3744.07318377351
2000-01-01 14:01:31,GPS Time :2025-10-5 8:43,25.285727,76.238193,3991.1,0.62,27.66,38.86,633.61,48.0,0.1,3760.695157134833
2000-01-01 14:01:38,GPS Time :2025-10-5 8:43,25.285727,76.238193,3991.1,0.64,27.63,38.96,632.35,48.0,0.1,3776.957049642573
2000-01-01 14:01:45,GPS Time :2025-10-5 8:43,25.285713,76.239184,4023.6,0.92,27.59,40.15,630.95,36.0,0.1,3795.056622398393
2000-01-01 14:01:51,GPS Time :2025-10-5 8:43,25.285752,76.239692,4042.1,0.86,27.55,38.43,629.66,36.0,0.1,3811.762897507312
2000-01-01 14:01:58,GPS Time :2025-10-5 8:43,25.28581,76.24015,4058.5,0.87,27.52,39.07,628.35,48.0,0.1,3828.7565725287454
2000-01-01 14:02:04,GPS Time :2025-10-5 8:43,25.285785,76.240768,4076.7,0.75,27.47,38.05,626.67,48.0,0.0,3850.59202680322
2000-01-01 14:02:11,GPS Time :2025-10-5 8:43,25.285785,76.240768,4076.7,0.8,27.44,38.73,625.34,108.0,0.1,3867.9120710103853
2000-01-01 14:02:18,GPS Time :2025-10-5 8:43,25.285759,76.241796,4115.4,0.82,27.4,38.22,623.99,12.0,0.1,3885.5230999257897
2000-01-01 14:02:24,GPS Time :2025-10-5 8:44,25.285809,76.24292,4115.4,0.53,27.35,38.75,622.77,36.0,0.1,3901.464811994575
2000-01-01 14:02:31,GPS Time :2025-10-5 8:44,25.285809,76.24292,4149.9,0.64,27.33,39.43,621.42,84.0,0.1,3919.134732967076
2000-01-01 14:02:37,GPS Time :2025-10-5 8:44,25.285827,76.243481,4168.0,0.71,27.27,36.76,620.0,72.0,0.1,3937.7544482609374
2000-01-01 14:02:44,GPS Time :2025-10-5 8:44,25.285827,76.243481,4168.0,0.67,27.22,37.64,618.84,48.0,0.1,3952.99056473075
2000-01-01 14:02:51,GPS Time :2025-10-5 8:44,25.28588,76.244536,4202.0,0.7,27.17,37.0,617.39,48.0,0.1,3972.0682666203147
2000-01-01 14:02:57,GPS Time :2025-10-5 8:44,25.285888,76.245126,4202.0,0.75,27.14,37.47,616.01,36.0,0.1,3990.258703455729
2000-01-01 14:03:04,GPS Time :2025-10-5 8:44,25.285937,76.245617,4237.8,0.77,27.11,38.71,614.76,48.0,0.1,4006.764053139331
2000-01-01 14:03:10,GPS Time :2025-10-5 8:44,25.286026,76.24618,4255.8,0.61,27.06,38.33,613.54,72.0,0.1,4022.8995013198
2000-01-01 14:03:17,GPS Time :2025-10-5 8:44,25.286026,76.24618,4255.8,0.75,27.04,38.83,612.22,60.0,0.1,4040.386816892225
2000-01-01 14:03:23,GPS Time :2025-10-5 8:45,25.286116,76.247259,4289.9,0.86,26.99,38.23,610.81,60.0,0.1,4059.1002074870603
2000-01-01 14:03:30,GPS Time :2025-10-5 8:45,25.286215,76.247857,4289.9,0.59,26.98,38.99,609.63,60.0,0.1,4074.787965392666
2000-01-01 14:03:37,GPS Time :2025-10-5 8:45,25.286246,76.248417,4322.9,0.79,26.9,37.49,608.44,96.0,0.1,4090.6335927274645
2000-01-01 14:03:43,GPS Time :2025-10-5 8:45,25.286343,76.248977,4341.0,0.72,26.86,37.56,606.99,108.0,0.1,4109.975245296294
2000-01-01 14:03:50,GPS Time :2025-10-5 8:45,25.286343,76.248977,4341.0,0.74,26.85,37.5,605.81,60.0,0.1,4125.7429813477875
2000-01-01 14:03:56,GPS Time :2025-10-5 8:45,25.286493,76.250152,4375.8,0.88,26.81,37.14,604.34,72.0,0.1,4145.420666152698
2000-01-01 14:04:03,GPS Time :2025-10-5 8:45,25.286561,76.250792,4375.8,0.76,26.78,37.44,603.06,96.0,0.0,4162.586570363165
2000-01-01 14:04:10,GPS Time :2025-10-5 8:45,25.286637,76.25136,4412.1,0.58,26.74,36.71,601.51,156.0,0.0,4183.41294790895
2000-01-01 14:04:16,GPS Time :2025-10-5 8:45,25.286716,76.252097,4432.5,0.87,26.7,35.67,600.16,60.0,0.0,4201.587489262322
2000-01-01 14:04:23,GPS Time :2025-10-5 8:45,25.286716,76.252097,4432.5,0.76,26.65,36.22,598.78,84.0,0.0,4220.200158421959
2000-01-01 14:04:29,GPS Time :2025-10-5 8:46,25.28673,76.253304,4470.0,0.86,26.61,37.47,597.53,108.0,0.0,4237.089466508836
2000-01-01 14:04:36,GPS Time :2025-10-5 8:46,25.286807,76.253915,4470.0,0.75,26.56,37.71,596.17,120.0,0.0,4255.4975629442715
2000-01-01 14:04:43,GPS Time :2025-10-5 8:46,25.286774,76.254481,4505.0,0.88,26.52,36.97,594.78,60.0,0.1,4274.346892402685
2000-01-01 14:04:49,GPS Time :2025-10-5 8:46,25.28678,76.255084,4524.6,0.76,26.48,36.86,593.49,108.0,0.1,4291.87209627779
2000-01-01 14:04:56,GPS Time :2025-10-5 8:46,25.28678,76.255084,4524.6,0.8,26.44,37.35,591.97,96.0,0.1,4312.5615794461155
2000-01-01 14:05:02,GPS Time :2025-10-5 8:46,25.286746,76.25624,4563.7,0.79,26.39,36.56,590.48,84.0,0.1,4332.884513458719
2000-01-01 14:05:09,GPS Time :2025-10-5 8:46,25.286746,76.256888,4563.7,0.74,26.35,35.45,589.04,84.0,0.1,4352.564968533203
2000-01-01 14:05:16,GPS Time :2025-10-5 8:46,25.286777,76.257511,4603.0,0.66,26.32,35.69,587.68,48.0,0.1,4371.187870957401
2000-01-01 14:05:22,GPS Time :2025-10-5 8:47,25.286744,76.258192,4623.6,0.84,26.27,34.38,585.95,168.0,0.1,4394.927797053111
2000-01-01 14:05:29,GPS Time :2025-10-5 8:47,25.286794,76.258702,4644.9,0.59,26.23,36.24,584.37,48.0,0.0,4416.658989727346
2000-01-01 14:05:35,GPS Time :2025-10-5 8:47,25.286676,76.259398,4668.6,0.63,26.18,34.94,582.45,72.0,0.0,4443.130646670492
2000-01-01 14:05:42,GPS Time :2025-10-5 8:47,25.286676,76.259398,4668.6,0.71,26.13,34.85,581.03,132.0,0.0,4462.754136233207
2000-01-01 14:05:49,GPS Time :2025-10-5 8:47,25.286633,76.26039,4713.9,0.59,26.08,35.5,579.63,60.0,0.0,4482.139294654905
2000-01-01 14:05:55,GPS Time :2025-10-5 8:47,25.28669,76.26111,4735.0,0.7,26.05,36.35,578.27,96.0,0.0,4501.006931112537
2000-01-01 14:06:02,GPS Time :2025-10-5 8:47,25.286748,76.26168,4752.3,0.52,26.01,36.21,576.74,108.0,0.0,4522.276021707624
2000-01-01 14:06:08,GPS Time :2025-10-5 8:47,25.286804,76.262446,4774.4,0.81,25.97,35.27,575.27,72.0,0.0,4542.754111901982
2000-01-01 14:06:15,GPS Time :2025-10-5 8:47,25.286804,76.262446,4774.4,0.84,25.91,34.04,573.77,84.0,0.0,4563.693849088288
2000-01-01 14:06:22,GPS Time :2025-10-5 8:48,25.286895,76.263756,4814.7,0.85,25.86,34.69,572.0,96.0,0.0,4588.459831964845
2000-01-01 14:06:28,GPS Time :2025-10-5 8:48,25.287079,76.264393,4814.7,0.88,25.82,35.07,570.34,60.0,0.0,4611.743143103046
2000-01-01 14:06:35,GPS Time :2025-10-5 8:48,25.287292,76.264886,4863.7,0.73,25.79,36.19,568.74,108.0,0.0,4634.236883735192
2000-01-01 14:06:41,GPS Time :2025-10-5 8:48,25.287382,76.265479,4886.5,0.91,25.79,34.67,567.31,48.0,0.0,4654.384071387572
2000-01-01 14:06:48,GPS Time :2025-10-5 8:48,25.287382,76.265479,4886.5,1.02,25.74,33.63,565.72,60.0,0.0,4676.833830832725
2000-01-01 14:06:54,GPS Time :2025-10-5 8:48,25.287647,76.266485,4929.3,0.94,25.69,33.9,564.38,36.0,0.0,4695.793463920939
2000-01-01 14:07:01,GPS Time :2025-10-5 8:48,25.28773,76.267068,4929.3,1.04,25.62,31.82,562.74,60.0,0.0,4719.04746244902
2000-01-01 14:07:08,GPS Time :2025-10-5 8:48,25.287858,76.267531,4971.3,0.82,25.59,32.88,561.2,72.0,0.0,4740.933548779655
2000-01-01 14:07:14,GPS Time :2025-10-5 8:48,25.287909,76.26873,5014.8,0.82,25.53,31.88,559.66,96.0,0.0,4762.868322918489
2000-01-01 14:07:21,GPS Time :2025-10-5 8:48,25.287909,76.26873,5014.8,0.9,25.48,32.42,558.07,84.0,0.1,4785.566607132118
2000-01-01 14:07:27,GPS Time :2025-10-5 8:49,25.287976,76.269375,5039.6,0.97,25.45,32.52,556.53,156.0,0.1,4807.601087684603
2000-01-01 14:07:34,GPS Time :2025-10-5 8:49,25.288045,76.270042,5039.6,0.93,25.4,33.16,555.16,192.0,0.1,4827.244728938437
2000-01-01 14:07:41,GPS Time :2025-10-5 8:49,25.288084,76.270579,5082.3,0.51,25.36,32.97,553.58,84.0,0.1,4849.948240653044
2000-01-01 14:07:47,GPS Time :2025-10-5 8:49,25.288063,76.271249,5105.1,0.82,25.32,33.67,552.2,144.0,0.1,4869.820860585666
2000-01-01 14:07:54,GPS Time :2025-10-5 8:49,25.288127,76.27177,5124.2,0.72,25.25,32.06,550.68,252.0,0.1,4891.756141015588
2000-01-01 14:08:00,GPS Time :2025-10-5 8:49,25.288158,76.272392,5147.0,0.48,25.21,32.16,549.18,228.0,0.1,4913.450917700637
2000-01-01 14:08:07,GPS Time :2025-10-5 8:49,25.288158,76.272392,5147.0,0.72,25.17,31.96,547.95,240.0,0.1,4931.276469362985
2000-01-01 14:08:14,GPS Time :2025-10-5 8:49,25.288409,76.273516,5188.4,0.76,25.13,33.12,546.46,432.0,0.1,4952.913475599434
2000-01-01 14:08:20,GPS Time :2025-10-5 8:49,25.288525,76.273999,5209.8,0.7,25.08,32.38,545.04,264.0,0.1,4973.578483946193
2000-01-01 14:08:27,GPS Time :2025-10-5 8:50,25.288611,76.274463,5228.7,0.65,25.02,31.5,543.69,156.0,0.1,4993.265260976702
2000-01-01 14:08:33,GPS Time :2025-10-5 8:50,25.288742,76.274902,5250.3,0.86,24.99,32.02,542.34,300.0,0.1,5012.9916621644725
2000-01-01 14:08:40,GPS Time :2025-10-5 8:50,25.288742,76.274902,5250.3,1.03,24.95,32.3,541.01,168.0,0.1,5032.464742206045
2000-01-01 14:08:47,GPS Time :2025-10-5 8:50,25.288898,76.275661,5290.3,0.94,24.88,31.05,539.49,300.0,0.1,5054.767216357474
2000-01-01 14:08:53,GPS Time :2025-10-5 8:50,25.289023,76.276095,5290.3,0.87,24.84,30.63,538.13,252.0,0.1,5074.765234589994
2000-01-01 14:09:00,GPS Time :2025-10-5 8:50,25.289069,76.276407,5330.6,1.01,24.79,30.95,536.84,432.0,0.1,5093.771799790237
2000-01-01 14:09:06,GPS Time :2025-10-5 8:50,25.289134,76.276741,5351.1,0.93,24.75,30.58,535.57,324.0,0.1,5112.519852343739
2000-01-01 14:09:13,GPS Time :2025-10-5 8:50,25.289134,76.276741,5351.1,0.86,24.7,30.5,534.2,180.0,0.1,5132.784537101223
2000-01-01 14:09:19,GPS Time :2025-10-5 8:50,25.289231,76.277364,5391.0,0.64,24.66,31.02,532.81,132.0,0.1,5153.38811295161
2000-01-01 14:09:26,GPS Time :2025-10-5 8:51,25.289265,76.277713,5391.0,0.89,24.6,30.12,531.49,180.0,0.1,5172.994431542976
2000-01-01 14:09:33,GPS Time :2025-10-5 8:51,25.289283,76.277947,5430.2,0.92,24.56,29.75,530.3,156.0,0.1,5190.703651283617
2000-01-01 14:09:39,GPS Time :2025-10-5 8:51,25.289361,76.278229,5451.6,0.85,24.51,29.56,528.99,228.0,0.1,5210.235925217853
2000-01-01 14:09:46,GPS Time :2025-10-5 8:51,25.289408,76.278515,5469.3,0.8,24.46,30.49,527.62,312.0,0.1,5230.7047531626495
2000-01-01 14:09:52,GPS Time :2025-10-5 8:51,25.289468,76.2788,5490.5,0.97,24.47,29.25,526.26,252.0,0.1,5251.0667864723155
2000-01-01 14:09:59,GPS Time :2025-10-5 8:51,25.289468,76.2788,5490.5,1.04,24.43,29.2,524.96,444.0,0.1,5270.570366762508
2000-01-01 14:10:06,GPS Time :2025-10-5 8:51,25.289564,76.279291,5529.7,1.13,24.38,27.91,523.73,252.0,0.1,5289.059796131473
2000-01-01 14:10:12,GPS Time :2025-10-5 8:51,25.289663,76.279611,5550.5,1.02,24.34,28.46,522.45,336.0,0.1,5308.3382022672
2000-01-01 14:10:19,GPS Time :2025-10-5 8:51,25.28968,76.279889,5567.4,1.05,24.29,27.25,521.2,180.0,0.1,5327.201719450015
2000-01-01 14:10:25,GPS Time :2025-10-5 8:52,25.289724,76.280192,5587.5,1.1,24.26,29.2,520.11,384.0,0.1,5343.680631016391
2000-01-01 14:10:32,GPS Time :2025-10-5 8:52,25.289724,76.280192,5587.5,1.05,24.23,27.58,518.91,468.0,0.1,5361.85492506555
2000-01-01 14:10:39,GPS Time :2025-10-5 8:52,25.289747,76.280764,5623.0,0.91,24.18,28.04,517.73,564.0,0.1,5379.759532409559
2000-01-01 14:10:45,GPS Time :2025-10-5 8:52,25.289727,76.281108,5623.0,0.9,24.14,27.32,516.65,744.0,0.1,5396.175786797518
2000-01-01 14:10:52,GPS Time :2025-10-5 8:52,25.28979,76.281333,5658.0,0.71,24.09,27.55,515.5,888.0,0.1,5413.6866347450805
2000-01-01 14:10:58,GPS Time :2025-10-5 8:52,25.289835,76.281917,5691.3,0.84,24.05,29.32,514.44,1032.0,0.1,5429.855107440424
2000-01-01 14:11:05,GPS Time :2025-10-5 8:52,25.289835,76.281917,5691.3,0.76,24.02,28.55,513.23,1032.0,0.1,5448.344579206042
2000-01-01 14:11:11,GPS Time :2025-10-5 8:52,25.289843,76.282234,5710.3,0.78,23.95,26.96,512.14,1452.0,0.0,5465.030630559692
2000-01-01 14:11:18,GPS Time :2025-10-5 8:52,25.289898,76.282598,5710.3,0.62,23.9,27.32,510.96,1068.0,0.0,5483.126878383362
2000-01-01 14:11:25,GPS Time :2025-10-5 8:53,25.289895,76.282877,5745.2,0.73,23.85,29.3,509.82,1440.0,0.1,5500.641862834812
2000-01-01 14:11:31,GPS Time :2025-10-5 8:53,25.289929,76.28319,5765.1,0.97,23.8,28.25,508.73,2088.0,0.1,5517.418330260365
2000-01-01 14:11:38,GPS Time :2025-10-5 8:53,25.290043,76.28346,5780.1,0.73,23.75,28.59,507.55,1824.0,0.1,5535.612854431461
2000-01-01 14:11:44,GPS Time :2025-10-5 8:53,25.290091,76.283826,5798.9,0.48,23.68,27.49,506.36,2292.0,0.0,5553.996293141265
2000-01-01 14:11:51,GPS Time :2025-10-5 8:53,25.290091,76.283826,5798.9,0.68,23.64,28.37,505.17,3372.0,0.1,5572.414750055005
2000-01-01 14:11:58,GPS Time :2025-10-5 8:53,25.290247,76.284493,5836.0,0.82,23.6,28.58,504.0,3996.0,0.1,5590.557938274507
2000-01-01 14:12:04,GPS Time :2025-10-5 8:53,25.290397,76.284797,5836.0,0.67,23.56,28.03,502.87,6996.0,0.1,5608.113252683629
2000-01-01 14:12:11,GPS Time :2025-10-5 8:53,25.290474,76.28507,5871.3,0.55,23.51,29.95,501.72,10572.0,0.1,5626.012108964084
2000-01-01 14:12:17,GPS Time :2025-10-5 8:53,25.290552,76.285425,5891.1,0.92,23.46,28.64,500.63,15480.0,0.1,5643.007805519746
2000-01-01 14:12:24,GPS Time :2025-10-5 8:53,25.290552,76.285425,5891.1,1.08,23.4,27.59,499.34,19752.0,0.1,5663.160738722541
2000-01-01 14:12:30,GPS Time :2025-10-5 8:54,25.290818,76.286025,5927.2,0.91,23.33,26.76,498.26,41508.0,0.1,5680.065411117402
2000-01-01 14:12:37,GPS Time :2025-10-5 8:54,25.29091,76.28637,5927.2,0.75,23.3,27.01,497.11,84972.0,0.1,5698.098406776927
2000-01-01 14:12:44,GPS Time :2025-10-5 8:54,25.291031,76.28674,5962.5,1.13,23.27,27.8,496.03,135276.0,0.1,5715.064527761105
2000-01-01 14:12:50,GPS Time :2025-10-5 8:54,25.291271,76.287338,5999.0,0.84,23.23,28.04,494.81,176856.0,0.1,5734.265979725967
2000-01-01 14:12:57,GPS Time :2025-10-5 8:54,25.291271,76.287338,5999.0,0.49,23.19,27.75,493.58,192456.0,0.0,5753.663669851371
2000-01-01 14:13:03,GPS Time :2025-10-5 8:54,25.291376,76.287739,6019.9,0.95,23.15,28.25,492.44,194316.0,0.1,5771.677000620566
2000-01-01 14:13:10,GPS Time :2025-10-5 8:54,25.291376,76.287739,6019.9,0.81,23.1,28.05,491.3,195600.0,0.1,5789.724131561506
2000-01-01 14:13:17,GPS Time :2025-10-5 8:54,25.29163,76.288433,6055.8,0.52,23.07,27.97,489.98,193584.0,0.1,5810.663223183008
2000-01-01 14:13:23,GPS Time :2025-10-5 8:55,25.291758,76.288864,6078.3,0.53,23.03,27.27,488.74,193512.0,0.1,5830.374930824451
2000-01-01 14:13:30,GPS Time :2025-10-5 8:55,25.291864,76.289285,6097.0,0.53,23.0,26.93,487.46,190656.0,0.1,5850.765024502405
2000-01-01 14:13:36,GPS Time :2025-10-5 8:55,25.29205,76.289753,6118.3,0.62,22.96,27.4,486.34,193668.0,0.1,5868.641953321891
2000-01-01 14:13:43,GPS Time :2025-10-5 8:55,25.29205,76.289753,6118.3,0.85,22.91,26.96,485.12,189252.0,0.1,5888.153012199122
2000-01-01 14:13:49,GPS Time :2025-10-5 8:55,25.292315,76.290545,6155.9,0.79,22.86,25.73,483.98,189228.0,0.1,5906.420601181527
2000-01-01 14:13:56,GPS Time :2025-10-5 8:55,25.292452,76.291015,6155.9,0.62,22.82,27.39,482.71,191496.0,0.2,5926.81241251963
2000-01-01 14:14:03,GPS Time :2025-10-5 8:55,25.292695,76.291424,6194.8,0.93,22.76,27.19,481.53,185124.0,0.1,5945.798107883697
2000-01-01 14:14:09,GPS Time :2025-10-5 8:55,25.292941,76.291846,6214.6,0.92,22.72,26.51,480.02,185196.0,0.1,5970.148391871716
2000-01-01 14:14:16,GPS Time :2025-10-5 8:55,25.293077,76.292275,6236.9,0.86,22.67,26.83,478.77,184416.0,0.1,5990.352883247969
2000-01-01 14:14:22,GPS Time :2025-10-5 8:56,25.293179,76.292849,6260.0,1.09,22.64,28.24,477.6,183948.0,0.1,6009.303027558261
2000-01-01 14:14:29,GPS Time :2025-10-5 8:56,25.293179,76.292849,6260.0,0.86,22.61,27.87,476.47,180024.0,0.1,6027.641023877593
2000-01-01 14:14:36,GPS Time :2025-10-5 8:56,25.293656,76.29388,6298.7,0.73,22.56,26.35,475.17,176748.0,0.1,6048.781448663275
2000-01-01 14:14:42,GPS Time :2025-10-5 8:56,25.29384,76.294461,6320.3,1.01,22.52,27.31,474.01,177552.0,0.1,6067.684790397494
2000-01-01 14:14:49,GPS Time :2025-10-5 8:56,25.294055,76.294872,6338.4,1.02,22.47,27.08,472.68,177804.0,0.1,6089.404602981789
2000-01-01 14:14:55,GPS Time :2025-10-5 8:56,25.29429,76.295401,6361.8,0.87,22.41,27.09,471.52,175920.0,0.1,6108.388640814453
2000-01-01 14:15:02,GPS Time :2025-10-5 8:56,25.29429,76.295401,6361.8,0.84,22.36,27.48,470.19,171228.0,0.1,6130.201417739152
2000-01-01 14:15:08,GPS Time :2025-10-5 8:56,25.294631,76.296418,6402.6,0.84,22.31,27.32,469.05,175848.0,0.1,6148.937886660164
2000-01-01 14:15:15,GPS Time :2025-10-5 8:56,25.29489,76.296889,6402.6,0.71,22.26,27.7,467.64,175428.0,0.1,6172.163018794799
2000-01-01 14:15:22,GPS Time :2025-10-5 8:57,25.295087,76.297365,6443.1,0.82,22.23,28.06,466.49,170292.0,0.1,6191.147525367249
2000-01-01 14:15:28,GPS Time :2025-10-5 8:57,25.295257,76.297866,6465.3,1.02,22.19,27.73,465.28,173604.0,0.1,6211.163487951071
2000-01-01 14:15:35,GPS Time :2025-10-5 8:57,25.295385,76.29823,6483.7,1.06,22.14,27.88,464.03,173568.0,0.1,6231.885448961991
2000-01-01 14:15:41,GPS Time :2025-10-5 8:57,25.2956,76.298707,6506.7,0.89,22.1,27.28,462.88,166608.0,0.1,6250.989614196325
2000-01-01 14:15:48,GPS Time :2025-10-5 8:57,25.2956,76.298707,6506.7,0.9,22.08,28.56,461.46,166884.0,0.1,6274.632207030809
2000-01-01 14:15:55,GPS Time :2025-10-5 8:57,25.296,76.299631,6548.3,0.76,22.04,28.75,460.18,173448.0,0.1,6295.994381101816
2000-01-01 14:16:01,GPS Time :2025-10-5 8:57,25.296316,76.300205,6548.3,0.94,22.0,28.06,458.97,166176.0,0.1,6316.232598475037
2000-01-01 14:16:08,GPS Time :2025-10-5 8:57,25.296529,76.300655,6590.3,0.82,21.95,27.51,457.77,163920.0,0.1,6336.346274308062
2000-01-01 14:16:14,GPS Time :2025-10-5 8:57,25.297146,76.301654,6631.1,0.88,21.92,28.54,456.58,166236.0,0.1,6356.334544626381
2000-01-01 14:16:21,GPS Time :2025-10-5 8:57,25.297146,76.301654,6631.1,0.82,21.88,27.98,455.33,162900.0,0.1,6377.376108987579
2000-01-01 14:16:27,GPS Time :2025-10-5 8:58,25.297421,76.302196,6653.8,0.79,21.83,28.31,453.96,162732.0,0.1,6400.49145978402
2000-01-01 14:16:34,GPS Time :2025-10-5 8:58,25.297421,76.302196,6653.8,0.86,21.77,27.86,452.49,161592.0,0.1,6425.356972976936
2000-01-01 14:16:41,GPS Time :2025-10-5 8:58,25.298121,76.303264,6701.9,0.71,21.74,28.18,451.37,161736.0,0.1,6444.346069317809
2000-01-01 14:16:47,GPS Time :2025-10-5 8:58,25.29842,76.303862,6723.5,0.77,21.7,28.65,449.71,160452.0,0.1,6472.560928970527
2000-01-01 14:16:54,GPS Time :2025-10-5 8:58,25.298738,76.304317,6749.6,1.0,21.64,28.4,448.09,157368.0,0.1,6500.177343354158
2000-01-01 14:17:00,GPS Time :2025-10-5 8:58,25.298998,76.304847,6779.1,0.68,21.61,28.21,446.86,157284.0,0.1,6521.199409897573
2000-01-01 14:17:07,GPS Time :2025-10-5 8:58,25.298998,76.304847,6779.1,0.73,21.58,28.71,445.63,153888.0,0.1,6542.268385808823
2000-01-01 14:17:13,GPS Time :2025-10-5 8:58,25.299531,76.306185,6822.2,0.84,21.54,28.01,444.43,156708.0,0.1,6562.868915607776
2000-01-01 14:17:20,GPS Time :2025-10-5 8:58,25.299839,76.306888,6822.2,1.01,21.5,27.99,443.29,156600.0,0.1,6582.481181787325
2000-01-01 14:17:27,GPS Time :2025-10-5 8:59,25.300115,76.307419,6862.6,0.76,21.46,28.19,442.12,156516.0,0.1,6602.652074946001
2000-01-01 14:17:33,GPS Time :2025-10-5 8:59,25.300418,76.308189,6884.7,0.52,21.39,27.97,440.88,158940.0,0.1,6624.077010558066
2000-01-01 14:17:40,GPS Time :2025-10-5 8:59,25.300611,76.308878,6904.8,0.7,21.37,28.04,439.64,155760.0,0.1,6645.550798125033
2000-01-01 14:17:46,GPS Time :2025-10-5 8:59,25.30087,76.309628,6927.3,0.94,21.32,27.65,438.53,152748.0,0.1,6664.8149438906985
2000-01-01 14:17:53,GPS Time :2025-10-5 8:59,25.30087,76.309628,6927.3,1.02,21.26,27.32,437.36,152736.0,0.1,6685.163187128005
2000-01-01 14:17:59,GPS Time :2025-10-5 8:59,25.301399,76.310868,6968.0,0.97,21.21,27.74,436.3,148224.0,0.1,6703.636441407117
2000-01-01 14:18:06,GPS Time :2025-10-5 8:59,25.301627,76.311626,6968.0,1.01,21.16,28.64,435.2,148896.0,0.1,6722.845266450151
2000-01-01 14:18:13,GPS Time :2025-10-5 8:59,25.301835,76.312159,7006.0,0.64,21.11,28.34,434.2,152328.0,0.1,6740.341982183876
2000-01-01 14:18:19,GPS Time :2025-10-5 8:0,25.302242,76.313481,7045.6,0.92,21.06,27.97,432.99,143496.0,0.1,6761.556691232098
2000-01-01 14:18:26,GPS Time :2025-10-5 8:0,25.302242,76.313481,7045.6,0.66,21.01,27.44,431.82,147540.0,0.1,6782.115790127817
2000-01-01 14:18:32,GPS Time :2025-10-5 8:0,25.302463,76.314318,7066.3,0.78,20.99,28.08,430.74,143460.0,0.1,6801.133495472492
2000-01-01 14:18:39,GPS Time :2025-10-5 8:0,25.302463,76.314318,7066.3,0.89,20.95,28.91,429.7,139068.0,0.1,6819.483370652726
2000-01-01 14:18:46,GPS Time :2025-10-5 8:0,25.302723,76.315736,7106.2,1.16,20.89,28.35,428.53,144036.0,0.1,6840.170018410109
2000-01-01 14:18:52,GPS Time :2025-10-5 8:0,25.303051,76.317205,7106.2,0.89,20.85,28.24,427.43,140436.0,0.1,6859.660759137107
2000-01-01 14:18:59,GPS Time :2025-10-5 8:0,25.303051,76.317205,7146.4,0.81,20.81,27.73,426.39,138744.0,0.1,6878.125759793661
2000-01-01 14:19:05,GPS Time :2025-10-5 8:0,25.303173,76.317999,7166.7,0.94,20.78,28.74,425.24,140664.0,0.1,6898.586298659438
2000-01-01 14:19:12,GPS Time :2025-10-5 8:0,25.303173,76.317999,7166.7,1.01,20.72,27.75,424.16,135156.0,0.1,6917.842253123307
2000-01-01 14:19:18,GPS Time :2025-10-5 8:0,25.303527,76.319441,7206.4,0.72,20.68,28.44,422.98,134916.0,0.1,6938.926607352328
2000-01-01 14:19:25,GPS Time :2025-10-5 8:0,25.303527,76.319441,7206.4,0.84,20.64,27.46,421.83,133356.0,0.1,6959.520798392933
2000-01-01 14:19:32,GPS Time :2025-10-5 8:1,25.303767,76.320955,7249.0,0.92,20.61,27.39,420.82,132576.0,0.1,6977.6454035307825
2000-01-01 14:19:38,GPS Time :2025-10-5 8:1,25.30393,76.321746,7269.5,0.72,20.57,27.44,419.75,129864.0,0.1,6996.885185361868
2000-01-01 14:19:45,GPS Time :2025-10-5 8:1,25.304077,76.322519,7286.6,0.81,20.54,27.8,418.63,126948.0,0.1,7017.066612034501
2000-01-01 14:19:51,GPS Time :2025-10-5 8:1,25.304292,76.323234,7307.5,0.78,20.5,27.39,417.32,126624.0,0.1,7040.7272265424035
2000-01-01 14:19:58,GPS Time :2025-10-5 8:1,25.304292,76.323234,7307.5,0.76,20.42,26.01,416.01,124080.0,0.1,7064.4480619013375
2000-01-01 14:20:04,GPS Time :2025-10-5 8:1,25.304575,76.325047,7356.2,0.82,20.4,26.02,414.98,124296.0,0.1,7083.1413080543625
2000-01-01 14:20:11,GPS Time :2025-10-5 8:1,25.304635,76.326075,7356.2,1.01,20.33,26.24,413.86,117636.0,0.1,7103.510632722281
2000-01-01 14:20:18,GPS Time :2025-10-5 8:1,25.304814,76.326781,7395.4,0.95,20.3,27.4,412.72,115344.0,0.1,7124.28958801978
2000-01-01 14:20:24,GPS Time :2025-10-5 8:2,25.30491,76.32759,7417.5,0.69,20.24,26.94,411.66,116484.0,0.0,7143.65211205483
2000-01-01 14:20:31,GPS Time :2025-10-5 8:2,25.305008,76.328427,7434.7,1.05,20.21,27.27,410.68,116424.0,0.1,7161.58926459664
2000-01-01 14:20:37,GPS Time :2025-10-5 8:2,25.305129,76.329185,7456.3,0.97,20.17,27.1,409.72,109908.0,0.0,7179.193991561513
2000-01-01 14:20:44,GPS Time :2025-10-5 8:2,25.305129,76.329185,7456.3,0.71,20.11,26.72,408.58,109464.0,0.1,7200.1430417160545
2000-01-01 14:20:50,GPS Time :2025-10-5 8:2,25.305326,76.33081,7495.4,0.71,20.07,26.9,407.62,108180.0,0.1,7217.821090943072
2000-01-01 14:20:57,GPS Time :2025-10-5 8:2,25.305398,76.331546,7495.4,0.53,20.04,27.46,406.51,108228.0,0.1,7238.303412671749
2000-01-01 14:21:04,GPS Time :2025-10-5 8:2,25.305471,76.332287,7534.6,0.66,19.99,27.06,405.56,107892.0,0.1,7255.869326559392
2000-01-01 14:21:10,GPS Time :2025-10-5 8:2,25.305534,76.333066,7554.7,1.12,19.94,27.41,404.36,106044.0,0.1,7278.105538751854
2000-01-01 14:21:17,GPS Time :2025-10-5 8:2,25.305623,76.333647,7573.1,0.98,19.9,27.34,403.13,102132.0,0.1,7300.9531828071185
2000-01-01 14:21:23,GPS Time :2025-10-5 8:3,25.305791,76.334506,7597.9,1.0,19.87,27.06,401.56,96312.0,0.0,7330.198592611987
2000-01-01 14:21:30,GPS Time :2025-10-5 8:3,25.305791,76.334506,7597.9,0.7,19.83,26.55,400.49,95892.0,0.1,7350.183277485859
2000-01-01 14:21:36,GPS Time :2025-10-5 8:3,25.306188,76.335713,7649.5,0.87,19.77,25.72,399.38,96480.0,0.1,7370.960797350408
2000-01-01 14:21:43,GPS Time :2025-10-5 8:3,25.306389,76.336372,7649.5,0.99,19.73,26.77,398.37,93372.0,0.1,7389.907141109582
2000-01-01 14:21:50,GPS Time :2025-10-5 8:3,25.306539,76.336955,7688.9,0.95,19.67,26.7,397.32,93204.0,0.1,7409.64511918709
2000-01-01 14:21:56,GPS Time :2025-10-5 8:3,25.306778,76.33776,7709.4,0.96,19.62,26.38,396.22,92376.0,0.1,7430.368357351754
2000-01-01 14:22:03,GPS Time :2025-10-5 8:3,25.30696,76.338319,7727.5,1.0,19.58,27.25,395.16,91224.0,0.1,7450.382148388905
2000-01-01 14:22:09,GPS Time :2025-10-5 8:3,25.307165,76.339124,7752.0,1.0,19.53,28.14,393.95,89472.0,0.1,7473.281286766242
2000-01-01 14:22:16,GPS Time :2025-10-5 8:3,25.307165,76.339124,7752.0,1.03,19.51,27.15,392.76,83040.0,0.1,7495.8575448617985
2000-01-01 14:22:22,GPS Time :2025-10-5 8:4,25.307772,76.340326,7797.2,1.14,19.45,26.44,391.79,76872.0,0.1,7514.30105434888
2000-01-01 14:22:29,GPS Time :2025-10-5 8:4,25.308115,76.341045,7797.2,1.09,19.39,25.88,390.63,75180.0,0.1,7536.405823323718
2000-01-01 14:22:36,GPS Time :2025-10-5 8:4,25.308373,76.341683,7838.1,0.8,19.34,25.77,389.56,76188.0,0.1,7556.842746192739
2000-01-01 14:22:42,GPS Time :2025-10-5 8:4,25.308645,76.342454,7859.7,0.69,19.3,26.24,388.57,74532.0,0.1,7575.792200050228
2000-01-01 14:22:49,GPS Time :2025-10-5 8:4,25.30892,76.343135,7879.0,0.97,19.25,25.92,387.47,70680.0,0.1,7596.89305694632
2000-01-01 14:22:55,GPS Time :2025-10-5 8:4,25.309229,76.343814,7900.4,0.63,19.21,27.17,386.41,68268.0,0.1,7617.272554889597
2000-01-01 14:23:02,GPS Time :2025-10-5 8:4,25.309229,76.343814,7900.4,0.97,19.16,26.41,385.44,65868.0,0.1,7635.961424893465
2000-01-01 14:23:08,GPS Time :2025-10-5 8:4,25.309793,76.345191,7940.4,0.87,19.12,26.5,384.51,63912.0,0.1,7653.915416526438
2000-01-01 14:23:15,GPS Time :2025-10-5 8:4,25.310108,76.345917,7940.4,0.79,19.07,25.96,383.41,60792.0,0.1,7675.196770918085
2000-01-01 14:23:22,GPS Time :2025-10-5 8:5,25.310386,76.346569,7978.9,1.07,19.04,26.78,382.43,57828.0,0.1,7694.198209134835
2000-01-01 14:23:28,GPS Time :2025-10-5 8:5,25.310663,76.347227,8000.0,1.15,18.99,26.42,381.36,55440.0,0.1,7714.989758531281
2000-01-01 14:23:35,GPS Time :2025-10-5 8:5,25.310929,76.347815,8019.4,0.79,18.95,27.09,380.29,55008.0,0.1,7735.82860077118
2000-01-01 14:23:41,GPS Time :2025-10-5 8:5,25.311266,76.348575,8043.2,0.81,18.91,26.61,379.2,50736.0,0.1,7757.105830602462
2000-01-01 14:23:48,GPS Time :2025-10-5 8:5,25.311266,76.348575,8043.2,1.15,18.85,26.05,378.18,48120.0,0.1,7777.061538015327
2000-01-01 14:23:54,GPS Time :2025-10-5 8:5,25.311788,76.349814,8084.4,0.92,18.81,26.06,377.31,41148.0,0.1,7794.117053751658
2000-01-01 14:24:01,GPS Time :2025-10-5 8:5,25.311984,76.350544,8084.4,1.12,18.75,25.7,376.17,46764.0,0.1,7816.513930630924
2000-01-01 14:24:08,GPS Time :2025-10-5 8:5,25.312162,76.351099,8124.5,1.12,18.72,26.42,375.14,44340.0,0.1,7836.79701920222
2000-01-01 14:24:14,GPS Time :2025-10-5 8:5,25.312388,76.35189,8146.5,1.26,18.66,26.58,374.14,44832.0,0.1,7856.53252966156
2000-01-01 14:24:21,GPS Time :2025-10-5 8:5,25.31255,76.352445,8164.9,0.93,18.61,26.36,373.1,41352.0,0.1,7877.102824636147
2000-01-01 14:24:27,GPS Time :2025-10-5 8:6,25.312814,76.353166,8186.6,1.05,18.56,26.66,372.06,39780.0,0.1,7897.719603805808
2000-01-01 14:24:34,GPS Time :2025-10-5 8:6,25.312814,76.353166,8186.6,0.78,18.51,26.75,371.12,38352.0,0.1,7916.39419101753
2000-01-01 14:24:40,GPS Time :2025-10-5 8:6,25.31321,76.354399,8226.7,1.08,18.47,26.4,370.14,35892.0,0.1,7935.904268393817
2000-01-01 14:24:47,GPS Time :2025-10-5 8:6,25.31321,76.354399,8226.7,1.17,18.43,26.69,369.21,28740.0,0.1,7954.457654947094
2000-01-01 14:24:54,GPS Time :2025-10-5 8:6,25.313552,76.355547,8264.7,0.88,18.37,26.32,368.32,23940.0,0.1,7972.248517840551
2000-01-01 14:25:00,GPS Time :2025-10-5 8:6,25.313767,76.356223,8284.4,0.61,18.32,26.1,367.33,24648.0,0.1,7992.0792996935925
2000-01-01 14:25:07,GPS Time :2025-10-5 8:6,25.313955,76.356759,8303.0,1.0,18.29,26.99,366.14,25272.0,0.1,8015.973659564076
2000-01-01 14:25:13,GPS Time :2025-10-5 8:6,25.314083,76.357252,8329.2,0.95,18.24,26.23,364.89,25356.0,0.1,8041.140596252582
2000-01-01 14:25:20,GPS Time :2025-10-5 8:6,25.314083,76.357252,8329.2,1.09,18.19,25.39,363.53,17880.0,0.1,8068.601648212984
2000-01-01 14:25:26,GPS Time :2025-10-5 8:7,25.314332,76.358308,8382.4,1.05,18.15,25.4,362.36,15072.0,0.1,8092.292879997751
2000-01-01 14:25:33,GPS Time :2025-10-5 8:7,25.314332,76.358308,8382.4,1.27,18.11,25.34,361.33,11964.0,0.1,8113.200588022283
2000-01-01 14:25:40,GPS Time :2025-10-5 8:7,25.314656,76.359262,8428.1,1.2,18.05,25.3,360.26,8232.0,0.1,8134.971418199915
2000-01-01 14:25:46,GPS Time :2025-10-5 8:7,25.314817,76.359793,8428.1,1.11,18.02,25.06,359.21,5292.0,0.1,8156.38627876477
2000-01-01 14:25:53,GPS Time :2025-10-5 8:7,25.314922,76.360246,8471.0,1.29,17.98,25.61,358.12,2304.0,0.1,8178.670634071059
2000-01-01 14:25:59,GPS Time :2025-10-5 8:7,25.315124,76.360744,8493.8,1.21,17.93,25.32,357.16,1020.0,0.1,8198.342757376638
2000-01-01 14:26:06,GPS Time :2025-10-5 8:7,25.315306,76.361205,8513.4,1.11,17.88,25.33,356.06,360.0,0.1,8220.936441527061
2000-01-01 14:26:12,GPS Time :2025-10-5 8:7,25.315446,76.361725,8537.5,1.1,17.84,25.55,354.55,264.0,0.1,8252.043637719073
2000-01-01 14:26:19,GPS Time :2025-10-5 8:7,25.315446,76.361725,8537.5,1.29,17.76,24.81,353.12,12.0,0.1,8281.601834829671
2000-01-01 14:26:26,GPS Time :2025-10-5 8:8,25.315632,76.362964,8600.7,1.21,17.7,24.82,351.97,12.0,0.1,8305.442813871778
2000-01-01 14:26:33,GPS Time :2025-10-5 8:8,25.315793,76.363753,8625.4,0.72,17.65,26.01,350.85,0.0,0.1,8328.722563391279
2000-01-01 14:26:39,GPS Time :2025-10-5 8:8,25.315956,76.364419,8625.4,0.78,17.59,25.4,349.46,0.0,0.0,8357.69823081877
2000-01-01 14:26:46,GPS Time :2025-10-5 8:8,25.315956,76.364419,8625.4,0.94,17.52,25.59,348.23,0.0,0.0,8383.416506715177
2000-01-01 14:26:53,GPS Time :2025-10-5 8:8,25.316374,76.365144,8702.3,0.91,17.47,25.09,347.11,0.0,0.0,8406.898840798516
2000-01-01 14:26:59,GPS Time :2025-10-5 8:8,25.316536,76.365561,8727.4,1.09,17.4,25.0,345.77,0.0,0.0,8435.074530718897
2000-01-01 14:27:06,GPS Time :2025-10-5 8:8,25.316694,76.366066,8758.2,1.06,17.35,25.07,344.72,0.0,0.0,8457.21435076408
2000-01-01 14:27:12,GPS Time :2025-10-5 8:8,25.316729,76.366688,8779.1,0.55,17.28,25.08,343.7,0.0,0.0,8478.773957128884
2000-01-01 14:27:19,GPS Time :2025-10-5 8:8,25.316921,76.367484,8800.9,1.0,17.19,23.53,342.69,0.0,0.0,8500.173307574001
2000-01-01 14:27:25,GPS Time :2025-10-5 8:9,25.317239,76.3681,8821.4,0.8,17.18,24.6,341.73,0.0,0.0,8520.560679161596
2000-01-01 14:27:31,GPS Time :2025-10-5 8:9,25.317239,76.3681,8821.4,1.07,17.14,24.53,340.83,0.0,0.0,8539.716004511713
2000-01-01 14:27:38,GPS Time :2025-10-5 8:9,25.317855,76.36935,8863.3,1.1,17.08,23.62,340.05,0.0,0.0,8556.350447013861
2000-01-01 14:27:44,GPS Time :2025-10-5 8:9,25.318169,76.369984,8880.9,0.87,17.03,23.61,339.04,0.0,0.0,8577.935886155034
2000-01-01 14:27:51,GPS Time :2025-10-5 8:9,25.318169,76.369984,8880.9,1.07,16.95,23.04,338.1,0.0,0.1,8598.072138341515
2000-01-01 14:27:57,GPS Time :2025-10-5 8:9,25.318792,76.371284,8923.6,1.33,16.89,23.83,337.05,0.0,0.0,8620.618433832442
2000-01-01 14:28:04,GPS Time :2025-10-5 8:9,25.31918,76.371974,8923.6,0.97,16.83,23.79,336.04,0.0,0.0,8642.359554898358
2000-01-01 14:28:11,GPS Time :2025-10-5 8:9,25.319454,76.372572,8965.6,0.86,16.78,24.49,335.13,0.0,0.1,8661.993452461944
2000-01-01 14:28:17,GPS Time :2025-10-5 8:9,25.319775,76.373237,8988.7,0.99,16.73,24.39,334.25,0.0,0.1,8681.021182102697
2000-01-01 14:28:24,GPS Time :2025-10-5 8:10,25.320111,76.373814,9006.3,1.06,16.65,23.67,333.3,0.0,0.1,8701.60807034604
2000-01-01 14:28:30,GPS Time :2025-10-5 8:10,25.320407,76.374459,9028.4,0.97,16.61,24.0,332.49,0.0,0.1,8719.19866409367
2000-01-01 14:28:36,GPS Time :2025-10-5 8:10,25.320407,76.374459,9028.4,0.72,16.55,24.18,331.5,0.0,0.1,8740.745466658775
2000-01-01 14:28:42,GPS Time :2025-10-5 8:10,25.320979,76.375775,9069.2,0.74,16.5,23.96,330.62,0.0,0.1,8759.941968856043
2000-01-01 14:28:49,GPS Time :2025-10-5 8:10,25.321282,76.376348,9088.1,0.99,16.45,24.07,329.74,0.0,0.1,8779.17989105972
2000-01-01 14:28:55,GPS Time :2025-10-5 8:10,25.32159,76.37695,9108.0,1.12,16.42,24.19,328.88,0.0,0.1,8798.020798437487
2000-01-01 14:29:01,GPS Time :2025-10-5 8:10,25.3221,76.377962,9145.8,1.26,16.38,23.56,328.01,0.0,0.1,8817.121424430938
2000-01-01 14:29:07,GPS Time :2025-10-5 8:10,25.3221,76.377962,9145.8,0.97,16.32,23.25,327.2,0.0,0.1,8834.941679815072
2000-01-01 14:29:13,GPS Time :2025-10-5 8:10,25.322387,76.37864,9145.8,0.76,16.25,23.49,326.45,0.0,0.1,8851.473796774657
2000-01-01 14:29:19,GPS Time :2025-10-5 8:10,25.322661,76.379205,9183.4,1.16,16.19,23.08,325.62,0.0,0.1,8869.805230934082
2000-01-01 14:29:25,GPS Time :2025-10-5 8:11,25.322922,76.379646,9201.6,0.91,16.16,23.88,324.81,0.0,0.1,8887.731461592786
2000-01-01 14:29:32,GPS Time :2025-10-5 8:11,25.323192,76.380185,9219.2,0.81,16.09,24.09,323.97,0.0,0.1,8906.3599036357
2000-01-01 14:29:38,GPS Time :2025-10-5 8:11,25.323486,76.38071,9237.8,1.08,16.03,24.21,322.98,0.0,0.1,8928.365132883418
2000-01-01 14:29:44,GPS Time :2025-10-5 8:11,25.323486,76.38071,9237.8,0.8,15.98,24.4,321.92,0.0,0.1,8951.986920206116
2000-01-01 14:29:50,GPS Time :2025-10-5 8:11,25.323486,76.38071,9237.8,1.04,15.93,23.67,321.12,0.0,0.1,8969.85642550205
2000-01-01 14:29:57,GPS Time :2025-10-5 8:11,25.324468,76.382251,9304.3,1.02,15.87,23.78,320.25,0.0,0.1,8989.330478418802
2000-01-01 14:30:03,GPS Time :2025-10-5 8:11,25.324765,76.382812,9321.7,1.14,15.84,24.38,319.38,0.0,0.1,9008.847418829166
2000-01-01 14:30:09,GPS Time :2025-10-5 8:11,25.324934,76.38333,9340.9,1.13,15.77,23.09,318.5,0.0,0.1,9028.63253781158
2000-01-01 14:30:16,GPS Time :2025-10-5 8:11,25.325202,76.384057,9340.9,1.07,15.7,23.31,317.5,0.0,0.1,9051.169432945038
2000-01-01 14:30:22,GPS Time :2025-10-5 8:12,25.325635,76.385207,9384.4,1.12,15.66,23.7,316.79,0.0,0.1,9067.205546999936
2000-01-01 14:30:28,GPS Time :2025-10-5 8:12,25.325635,76.385207,9402.2,0.99,15.59,23.95,316.02,0.0,0.1,9084.629756387612
2000-01-01 14:30:34,GPS Time :2025-10-5 8:12,25.325635,76.385207,9402.2,1.05,15.53,23.9,315.19,0.0,0.1,9103.450240706137
2000-01-01 14:30:41,GPS Time :2025-10-5 8:12,25.326062,76.38661,9440.5,1.13,15.49,24.22,314.37,0.0,0.1,9122.083424222494
2000-01-01 14:30:47,GPS Time :2025-10-5 8:12,25.326181,76.387251,9459.0,1.07,15.45,23.58,313.51,0.0,0.1,9141.667875478284
2000-01-01 14:30:53,GPS Time :2025-10-5 8:12,25.326181,76.387251,9459.0,0.99,15.4,23.94,312.58,0.0,0.1,9162.895430171575
2000-01-01 14:31:00,GPS Time :2025-10-5 8:12,25.326659,76.388724,9500.5,0.97,15.34,24.03,311.73,0.0,0.1,9182.34173899887
2000-01-01 14:31:06,GPS Time :2025-10-5 8:12,25.327016,76.390011,9537.2,1.09,15.3,24.06,310.94,0.0,0.1,9200.453904039903
2000-01-01 14:31:12,GPS Time :2025-10-5 8:12,25.327016,76.390011,9537.2,0.64,15.25,24.01,310.06,0.0,0.1,9220.673406623086
2000-01-01 14:31:18,GPS Time :2025-10-5 8:12,25.327253,76.390803,9537.2,1.12,15.19,23.72,309.16,0.0,0.1,9241.400566850338
2000-01-01 14:31:25,GPS Time :2025-10-5 8:13,25.327425,76.391383,9581.2,1.22,15.16,24.28,308.32,0.0,0.1,9260.790047024879
2000-01-01 14:31:31,GPS Time :2025-10-5 8:13,25.327589,76.392002,9600.9,0.77,15.1,23.44,307.55,0.0,0.1,9278.601351900508
2000-01-01 14:31:37,GPS Time :2025-10-5 8:13,25.327724,76.392702,9619.8,1.17,15.04,23.1,306.62,0.0,0.1,9300.161916831601
2000-01-01 14:31:43,GPS Time :2025-10-5 8:13,25.327928,76.393299,9639.7,1.13,14.97,23.53,305.79,0.0,0.1,9319.44890782094
2000-01-01 14:31:49,GPS Time :2025-10-5 8:13,25.328082,76.393928,9659.0,0.59,14.91,23.15,304.99,0.0,0.1,9338.078941894288
2000-01-01 14:31:55,GPS Time :2025-10-5 8:13,25.328082,76.393928,9659.0,0.77,14.85,23.92,304.11,0.0,0.1,9358.61774048689
2000-01-01 14:32:01,GPS Time :2025-10-5 8:13,25.328082,76.393928,9659.0,1.16,14.81,24.33,303.16,0.0,0.1,9380.84440029658
2000-01-01 14:32:07,GPS Time :2025-10-5 8:13,25.328082,76.393928,9659.0,0.74,14.76,24.42,302.35,0.0,0.1,9399.840142909467
2000-01-01 14:32:13,GPS Time :2025-10-5 8:13,25.328082,76.393928,9659.0,1.12,14.69,23.99,301.49,0.0,0.1,9420.053619446184
2000-01-01 14:32:19,GPS Time :2025-10-5 8:13,25.329093,76.397468,9659.0,1.24,14.64,23.61,300.62,0.0,0.1,9440.549700794681
2000-01-01 14:32:25,GPS Time :2025-10-5 8:14,25.329278,76.398093,9659.0,0.69,14.57,23.93,299.86,0.0,0.1,9458.493668113471
2000-01-01 14:32:31,GPS Time :2025-10-5 8:14,25.329453,76.398862,9805.0,1.2,14.53,24.28,299.08,0.0,0.1,9476.948180608913
2000-01-01 14:32:37,GPS Time :2025-10-5 8:14,25.329643,76.399511,9823.4,1.21,14.48,24.06,298.26,0.0,0.1,9496.391149530236
2000-01-01 14:32:43,GPS Time :2025-10-5 8:14,25.329839,76.4002,9842.5,0.84,14.41,23.95,297.49,0.0,0.1,9514.688018889086
2000-01-01 14:32:49,GPS Time :2025-10-5 8:14,25.32996,76.400929,9862.6,1.24,14.36,24.27,296.67,0.0,0.1,9534.215211022103
2000-01-01 14:32:55,GPS Time :2025-10-5 8:14,25.330192,76.401628,9882.0,0.96,14.31,24.42,295.77,0.0,0.1,9555.697870253729
2000-01-01 14:33:01,GPS Time :2025-10-5 8:14,25.330358,76.402324,9902.8,0.51,14.25,23.58,294.95,0.0,0.1,9575.31709519787
2000-01-01 14:33:07,GPS Time :2025-10-5 8:14,25.330518,76.403059,9923.3,0.88,14.19,23.65,294.02,0.0,0.1,9597.62169328375
2000-01-01 14:33:13,GPS Time :2025-10-5 8:14,25.330707,76.403724,9944.3,0.82,14.15,23.9,293.21,0.0,0.1,9617.094875364679
2000-01-01 14:33:19,GPS Time :2025-10-5 8:14,25.330969,76.404421,9964.9,0.82,14.11,23.68,292.29,0.0,0.1,9639.265472448184
2000-01-01 14:33:26,GPS Time :2025-10-5 8:15,25.331112,76.405091,9985.5,0.99,14.06,23.75,291.45,0.0,0.1,9659.557598238802
2000-01-01 14:33:32,GPS Time :2025-10-5 8:15,25.331366,76.405779,10006.7,1.41,14.0,23.56,290.63,0.0,0.1,9679.412311372593
2000-01-01 14:33:38,GPS Time :2025-10-5 8:15,25.331644,76.40646,10029.1,1.2,13.96,23.5,289.74,0.0,0.1,9701.01334238747
2000-01-01 14:33:44,GPS Time :2025-10-5 8:15,25.331863,76.407154,10050.2,0.82,13.9,23.62,288.86,0.0,0.1,9722.424558380975
2000-01-01 14:33:50,GPS Time :2025-10-5 8:15,25.33204,76.407879,10071.4,1.02,13.86,23.66,288.11,0.0,0.1,9740.714486330378
2000-01-01 14:33:56,GPS Time :2025-10-5 8:15,25.33204,76.407879,10071.4,0.88,13.81,23.28,287.37,0.0,0.1,9758.798375013701
2000-01-01 14:34:02,GPS Time :2025-10-5 8:15,25.33204,76.407879,10071.4,0.93,13.76,23.62,286.47,0.0,0.1,9780.843184618465
2000-01-01 14:34:08,GPS Time :2025-10-5 8:15,25.33204,76.407879,10071.4,0.8,13.74,24.02,285.59,0.0,0.1,9802.452404370086
2000-01-01 14:34:14,GPS Time :2025-10-5 8:15,25.33204,76.407879,10071.4,1.07,13.69,23.23,284.75,0.0,0.1,9823.129744221027
2000-01-01 14:34:20,GPS Time :2025-10-5 8:16,25.333166,76.41148,10071.4,1.17,13.64,23.05,283.94,0.0,0.1,9843.115440256512
2000-01-01 14:34:26,GPS Time :2025-10-5 8:16,25.333301,76.412146,10071.4,0.83,13.57,22.72,283.06,0.0,0.1,9864.880689022144
2000-01-01 14:34:32,GPS Time :2025-10-5 8:16,25.333477,76.412927,10071.4,1.22,13.53,23.13,282.15,0.0,0.1,9887.445639202275
2000-01-01 14:34:38,GPS Time :2025-10-5 8:16,25.333612,76.413583,10242.9,1.1,13.48,23.33,281.43,0.0,0.0,9905.341024614268
2000-01-01 14:34:44,GPS Time :2025-10-5 8:16,25.333773,76.414304,10262.3,1.01,13.42,23.15,280.59,0.0,0.1,9926.26589234598
2000-01-01 14:34:50,GPS Time :2025-10-5 8:16,25.333934,76.415037,10282.8,1.16,13.37,22.78,279.85,0.0,0.1,9944.741774113996
2000-01-01 14:34:56,GPS Time :2025-10-5 8:16,25.334037,76.415755,10301.5,1.02,13.32,22.99,279.09,0.0,0.1,9963.75823022764
2000-01-01 14:35:02,GPS Time :2025-10-5 8:16,25.334189,76.416453,10320.6,0.91,13.27,23.01,278.19,0.0,0.1,9986.332026426746
2000-01-01 14:35:08,GPS Time :2025-10-5 8:16,25.33425,76.417164,10342.3,0.99,13.22,23.15,277.41,0.0,0.1,10005.943870058412
2000-01-01 14:35:14,GPS Time :2025-10-5 8:16,25.334423,76.417906,10362.2,0.97,13.17,23.18,276.67,0.0,0.1,10024.591299055848
2000-01-01 14:35:20,GPS Time :2025-10-5 8:17,25.334502,76.418663,10382.3,1.26,13.11,22.97,275.83,0.0,0.1,10045.807658468671
2000-01-01 14:35:26,GPS Time :2025-10-5 8:17,25.334573,76.419321,10402.9,1.08,13.05,23.23,275.11,0.0,0.1,10064.03479299191
2000-01-01 14:35:33,GPS Time :2025-10-5 8:17,25.334693,76.420073,10422.9,0.93,13.0,23.21,274.27,0.0,0.1,10085.348670402645
2000-01-01 14:35:39,GPS Time :2025-10-5 8:17,25.334743,76.42082,10443.5,0.88,12.94,23.29,273.53,0.0,0.1,10104.169021727943
2000-01-01 14:35:45,GPS Time :2025-10-5 8:17,25.334909,76.421567,10463.7,0.71,12.89,22.72,272.82,0.0,0.1,10122.26518307708
2000-01-01 14:35:51,GPS Time :2025-10-5 8:17,25.334967,76.422258,10482.3,0.96,12.83,22.99,272.01,0.0,0.1,10142.956730123831
2000-01-01 14:35:57,GPS Time :2025-10-5 8:17,25.335071,76.422946,10502.2,1.19,12.79,23.08,271.2,0.0,0.1,10163.698232682893
2000-01-01 14:36:03,GPS Time :2025-10-5 8:17,25.335184,76.423568,10522.8,0.93,12.75,23.36,270.41,0.0,0.1,10183.975978177597
2000-01-01 14:36:09,GPS Time :2025-10-5 8:17,25.335184,76.423568,10522.8,1.11,12.68,23.1,269.59,0.0,0.0,10205.074567604246
2000-01-01 14:36:15,GPS Time :2025-10-5 8:17,25.335184,76.423568,10522.8,0.86,12.63,22.95,268.8,0.0,0.1,10225.450464897014
2000-01-01 14:36:21,GPS Time :2025-10-5 8:17,25.335184,76.423568,10522.8,1.11,12.57,22.58,268.04,0.0,0.1,10245.098411273953
2000-01-01 14:36:27,GPS Time :2025-10-5 8:17,25.335184,76.423568,10522.8,0.89,12.52,23.09,267.33,0.0,0.0,10263.494530134107
2000-01-01 14:36:33,GPS Time :2025-10-5 8:18,25.336343,76.426866,10522.8,0.74,12.45,23.12,266.56,0.0,0.1,10283.490025527983
2000-01-01 14:36:39,GPS Time :2025-10-5 8:18,25.336579,76.427567,10522.8,1.1,12.39,23.41,265.74,0.0,0.1,10304.835423076758
2000-01-01 14:36:45,GPS Time :2025-10-5 8:18,25.336767,76.428167,10522.8,0.73,12.35,23.25,264.99,0.0,0.0,10324.405405014386
2000-01-01 14:36:51,GPS Time :2025-10-5 8:18,25.337012,76.428824,10689.0,0.77,12.28,22.51,264.11,0.0,0.1,10347.424787926033
2000-01-01 14:36:57,GPS Time :2025-10-5 8:18,25.33722,76.429527,10710.4,1.14,12.26,22.63,263.42,0.0,0.1,10365.517558735759
2000-01-01 14:37:03,GPS Time :2025-10-5 8:18,25.337437,76.430132,10731.6,1.07,12.2,22.97,262.66,0.0,0.0,10385.490296858017
2000-01-01 14:37:09,GPS Time :2025-10-5 8:18,25.337661,76.430855,10754.0,0.78,12.16,23.07,261.64,0.0,0.0,10412.369494833507
2000-01-01 14:37:15,GPS Time :2025-10-5 8:18,25.337897,76.43162,10778.2,1.04,12.11,22.47,260.78,0.0,0.1,10435.098361199918
2000-01-01 14:37:21,GPS Time :2025-10-5 8:19,25.338146,76.432385,10801.7,1.28,12.07,22.51,259.82,0.0,0.0,10460.541925739222
2000-01-01 14:37:27,GPS Time :2025-10-5 8:19,25.338484,76.433117,10827.9,1.46,12.02,22.31,258.59,0.0,0.0,10493.252984723491
2000-01-01 14:37:33,GPS Time :2025-10-5 8:19,25.338854,76.433745,10860.2,1.08,11.97,21.9,257.41,0.0,0.0,10524.752957532417
2000-01-01 14:37:39,GPS Time :2025-10-5 8:19,25.338987,76.434522,10892.2,1.04,11.92,21.68,256.34,0.0,0.0,10553.417743565486
2000-01-01 14:37:45,GPS Time :2025-10-5 8:19,25.339076,76.435224,10922.5,1.22,11.83,21.01,255.41,0.0,0.0,10578.41080835842
2000-01-01 14:37:52,GPS Time :2025-10-5 8:19,25.339257,76.435837,10946.8,1.05,11.76,21.67,254.64,0.0,0.0,10599.159818933716
2000-01-01 14:37:58,GPS Time :2025-10-5 8:19,25.339434,76.436512,10969.1,1.24,11.71,22.45,253.83,0.0,0.0,10621.041607708514
2000-01-01 14:38:04,GPS Time :2025-10-5 8:19,25.339841,76.437195,10990.7,0.83,11.65,22.32,253.17,0.0,0.0,10638.913059858756
2000-01-01 14:38:10,GPS Time :2025-10-5 8:19,25.340196,76.437938,11012.0,0.88,11.61,22.03,252.41,0.0,0.0,10659.539103295658
2000-01-01 14:38:16,GPS Time :2025-10-5 8:19,25.340622,76.438644,11031.5,1.05,11.55,22.41,251.7,0.0,0.0,10678.853657015137
2000-01-01 14:38:22,GPS Time :2025-10-5 8:19,25.340622,76.438644,11031.5,0.81,11.48,22.44,250.94,0.0,0.0,10699.577341260872
2000-01-01 14:38:28,GPS Time :2025-10-5 8:19,25.340622,76.438644,11031.5,1.2,11.43,22.53,250.23,0.0,0.1,10718.983595399319
2000-01-01 14:38:34,GPS Time :2025-10-5 8:19,25.340622,76.438644,11031.5,1.3,11.37,22.74,249.58,0.0,0.0,10736.789019714592
2000-01-01 14:38:40,GPS Time :2025-10-5 8:19,25.340622,76.438644,11031.5,0.88,11.31,22.6,248.87,0.0,0.0,10756.28098360621
2000-01-01 14:38:46,GPS Time :2025-10-5 8:19,25.340622,76.438644,11031.5,1.02,11.26,23.09,248.32,0.0,0.1,10771.411368406425
2000-01-01 14:38:52,GPS Time :2025-10-5 8:20,25.343011,76.44313,11031.5,0.98,11.2,22.62,247.66,0.0,0.0,10789.603693186022
2000-01-01 14:38:58,GPS Time :2025-10-5 8:20,25.343401,76.44394,11031.5,1.06,11.16,23.09,246.8,0.0,0.0,10813.367843052527
2000-01-01 14:39:04,GPS Time :2025-10-5 8:20,25.343722,76.444691,11031.5,0.89,11.1,22.96,246.1,0.0,0.1,10832.760309982179
2000-01-01 14:39:10,GPS Time :2025-10-5 8:20,25.344123,76.445524,11209.4,0.99,11.03,23.08,245.49,0.0,0.0,10849.695915423345
2000-01-01 14:39:16,GPS Time :2025-10-5 8:20,25.344481,76.446323,11228.4,1.1,10.97,22.72,244.81,0.0,0.0,10868.615165607674
2000-01-01 14:39:22,GPS Time :2025-10-5 8:21,25.344789,76.447115,11249.4,1.1,10.93,22.82,244.08,0.0,0.1,10888.972959845421
2000-01-01 14:39:28,GPS Time :2025-10-5 8:21,25.345216,76.447961,11269.3,1.38,10.83,22.47,243.27,0.0,0.1,10911.619532222301
2000-01-01 14:39:34,GPS Time :2025-10-5 8:21,25.345601,76.448702,11287.5,0.78,10.78,22.78,242.6,0.0,0.0,10930.398071021038
2000-01-01 14:39:40,GPS Time :2025-10-5 8:21,25.345925,76.449563,11306.6,1.1,10.73,22.86,241.99,0.0,0.1,10947.531508540489
2000-01-01 14:39:46,GPS Time :2025-10-5 8:21,25.346274,76.450351,11326.1,1.23,10.67,22.86,241.29,0.0,0.1,10967.235978601684
2000-01-01 14:39:53,GPS Time :2025-10-5 8:21,25.346706,76.451123,11347.1,0.7,10.62,22.06,240.56,0.0,0.0,10987.834296243365
2000-01-01 14:39:59,GPS Time :2025-10-5 8:21,25.34703,76.451978,11366.5,1.06,10.55,22.83,239.79,0.0,0.1,11009.616215263939
2000-01-01 14:40:05,GPS Time :2025-10-5 8:21,25.34703,76.451978,11366.5,1.5,10.49,22.93,239.03,0.0,0.1,11031.170864399222
2000-01-01 14:40:12,GPS Time :2025-10-5 8:21,25.347893,76.453681,11412.1,1.32,10.45,23.1,238.26,0.0,0.0,11053.065798748055
2000-01-01 14:40:18,GPS Time :2025-10-5 8:21,25.348273,76.454513,11432.5,0.9,10.39,23.23,237.65,0.0,0.0,11070.451849953944
2000-01-01 14:40:24,GPS Time :2025-10-5 8:22,25.348602,76.455348,11450.5,1.16,10.34,23.25,236.85,0.0,0.1,11093.308086598821
2000-01-01 14:40:30,GPS Time :2025-10-5 8:22,25.349098,76.456266,11450.5,1.01,10.3,22.9,236.05,0.0,0.1,11116.226924381093
2000-01-01 14:40:37,GPS Time :2025-10-5 8:22,25.349387,76.45715,11497.1,1.09,10.25,22.54,235.4,0.0,0.1,11134.894840358715
2000-01-01 14:40:43,GPS Time :2025-10-5 8:22,25.349853,76.458054,11517.8,1.15,10.18,22.52,234.71,0.0,0.1,11154.75728068185
2000-01-01 14:40:49,GPS Time :2025-10-5 8:22,25.349853,76.458054,11517.8,1.21,10.13,22.57,233.85,0.0,0.1,11179.579667607311
2000-01-01 14:40:56,GPS Time :2025-10-5 8:22,25.350758,76.459933,11563.8,1.09,10.06,22.86,233.06,0.0,0.0,11202.44685418112
2000-01-01 14:41:02,GPS Time :2025-10-5 8:22,25.351151,76.460862,11585.3,0.62,9.98,22.88,232.3,0.0,0.1,11224.504981292204
2000-01-01 14:41:08,GPS Time :2025-10-5 8:22,25.351151,76.460862,11585.3,0.98,9.94,22.94,231.65,0.0,0.1,11243.41689630192
2000-01-01 14:41:15,GPS Time :2025-10-5 8:22,25.352106,76.462892,11630.1,0.98,9.85,22.73,230.99,0.0,0.1,11262.66378347991
2000-01-01 14:41:21,GPS Time :2025-10-5 8:23,25.352586,76.46379,11650.2,0.92,9.8,23.02,230.07,0.0,0.1,11289.56721714332
2000-01-01 14:41:27,GPS Time :2025-10-5 8:23,25.353056,76.464581,11674.9,1.08,9.74,23.15,229.27,0.0,0.1,11313.03241311874
2000-01-01 14:41:33,GPS Time :2025-10-5 8:23,25.353619,76.46554,11674.9,1.08,9.68,23.18,228.4,0.0,0.0,11338.626193288208
2000-01-01 14:41:40,GPS Time :2025-10-5 8:23,25.354017,76.466453,11726.8,1.23,9.64,23.35,227.61,0.0,0.1,11361.935003296245
2000-01-01 14:41:46,GPS Time :2025-10-5 8:23,25.35444,76.467222,11749.0,1.12,9.58,22.7,226.64,0.0,0.0,11390.644453469562
2000-01-01 14:41:53,GPS Time :2025-10-5 8:23,25.355129,76.46824,11749.0,1.17,9.5,22.26,225.8,0.0,0.1,11415.586748747388
2000-01-01 14:41:59,GPS Time :2025-10-5 8:23,25.355656,76.468996,11802.3,1.28,9.45,22.79,225.04,0.0,0.1,11438.218415703685
2000-01-01 14:42:06,GPS Time :2025-10-5 8:23,25.356265,76.469926,11802.3,0.94,9.4,23.19,224.29,0.0,0.1,11460.613055166083
2000-01-01 14:42:13,GPS Time :2025-10-5 8:23,25.356803,76.470787,11850.7,1.08,9.32,22.21,223.5,0.0,0.1,11484.267749251934
2000-01-01 14:42:19,GPS Time :2025-10-5 8:23,25.357419,76.471605,11874.4,1.07,9.27,22.51,222.7,0.0,0.1,11508.290968599633
2000-01-01 14:42:26,GPS Time :2025-10-5 8:24,25.357984,76.472324,11896.9,1.1,9.21,22.24,221.84,0.0,0.1,11534.193996333357
2000-01-01 14:42:32,GPS Time :2025-10-5 8:24,25.359173,76.473947,11946.3,1.12,9.16,22.36,221.08,0.0,0.1,11557.152814723233
2000-01-01 14:42:39,GPS Time :2025-10-5 8:24,25.359173,76.473947,11946.3,1.2,9.11,22.37,220.23,0.0,0.1,11582.906277305468
2000-01-01 14:42:45,GPS Time :2025-10-5 8:24,25.359766,76.474793,11973.1,0.86,9.04,22.43,219.52,0.0,0.1,11604.479762349762
2000-01-01 14:42:52,GPS Time :2025-10-5 8:24,25.359766,76.474793,11973.1,0.93,8.96,22.15,218.68,0.0,0.1,11630.07641246119
2000-01-01 14:42:58,GPS Time :2025-10-5 8:24,25.360953,76.47648,12022.3,1.21,8.89,22.27,217.94,0.0,0.1,11652.691892847115
2000-01-01 14:43:05,GPS Time :2025-10-5 8:24,25.360953,76.47648,12022.3,1.25,8.83,22.49,217.21,0.0,0.1,11675.062768396501
2000-01-01 14:43:12,GPS Time :2025-10-5 8:24,25.362022,76.478041,12067.9,0.88,8.77,22.69,216.51,0.0,0.1,11696.571546923537
2000-01-01 14:43:18,GPS Time :2025-10-5 8:24,25.362672,76.478949,12092.5,1.07,8.69,22.34,215.64,0.0,0.1,11723.382512691296
2000-01-01 14:43:25,GPS Time :2025-10-5 8:25,25.363186,76.479668,12115.3,1.35,8.63,22.76,214.83,0.0,0.1,11748.423301847324
2000-01-01 14:43:31,GPS Time :2025-10-5 8:25,25.363744,76.480506,12142.5,1.14,8.55,22.61,214.07,0.0,0.1,11771.98798110487
2000-01-01 14:43:38,GPS Time :2025-10-5 8:25,25.364284,76.481257,12164.1,1.21,8.49,22.7,213.37,0.0,0.1,11793.752301939703
2000-01-01 14:43:44,GPS Time :2025-10-5 8:25,25.364912,76.482038,12190.0,1.12,8.43,22.41,212.64,0.0,0.0,11816.511056393396
2000-01-01 14:43:51,GPS Time :2025-10-5 8:25,25.364912,76.482038,12190.0,1.2,8.39,22.55,211.9,0.0,0.1,11839.64624161316
2000-01-01 14:43:57,GPS Time :2025-10-5 8:25,25.366046,76.483628,12236.1,0.88,8.29,21.75,211.2,0.0,0.0,11861.591170045092
2000-01-01 14:44:04,GPS Time :2025-10-5 8:25,25.366046,76.483628,12236.1,0.84,8.21,21.88,210.49,0.0,0.1,11883.909846732087
2000-01-01 14:44:10,GPS Time :2025-10-5 8:25,25.3671,76.485171,12280.0,1.06,8.14,22.62,209.81,0.0,0.1,11905.342706955178
2000-01-01 14:44:17,GPS Time :2025-10-5 8:25,25.3671,76.485171,12280.0,1.04,8.07,22.31,209.19,0.0,0.1,11924.933513268072
2000-01-01 14:44:24,GPS Time :2025-10-5 8:26,25.3682,76.48672,12322.4,1.24,8.0,22.5,208.48,0.0,0.1,11947.42598260341
2000-01-01 14:44:31,GPS Time :2025-10-5 8:26,25.368786,76.487526,12345.3,1.36,7.93,22.75,207.64,0.0,0.1,11974.117037694292
2000-01-01 14:44:37,GPS Time :2025-10-5 8:26,25.368786,76.487526,12345.3,0.82,7.87,22.83,207.02,0.0,0.0,11993.873720710411
2000-01-01 14:44:44,GPS Time :2025-10-5 8:26,25.370013,76.489084,12392.0,0.96,7.79,22.71,206.23,0.0,0.1,12019.117098833898
2000-01-01 14:44:51,GPS Time :2025-10-5 8:26,25.370634,76.489941,12417.2,1.38,7.73,22.49,205.51,0.0,0.1,12042.192018640711
2000-01-01 14:44:58,GPS Time :2025-10-5 8:26,25.371318,76.490736,12440.2,1.16,7.67,22.59,204.78,0.0,0.0,12065.654355092369
2000-01-01 14:45:05,GPS Time :2025-10-5 8:26,25.371958,76.491562,12440.2,0.64,7.59,22.44,203.99,0.0,0.0,12091.121534273527
2000-01-01 14:45:11,GPS Time :2025-10-5 8:26,25.371958,76.491562,12440.2,0.65,7.53,22.41,203.29,0.0,0.1,12113.75421312081
2000-01-01 14:45:18,GPS Time :2025-10-5 8:26,25.373112,76.493206,12513.6,1.21,7.47,22.76,202.59,0.0,0.1,12136.450088098909
2000-01-01 14:45:25,GPS Time :2025-10-5 8:27,25.373706,76.493936,12537.4,0.78,7.41,22.75,201.79,0.0,0.1,12162.466121774007
2000-01-01 14:45:32,GPS Time :2025-10-5 8:27,25.374313,76.494793,12560.6,0.65,7.33,22.81,201.05,0.0,0.1,12186.605419327077
2000-01-01 14:45:38,GPS Time :2025-10-5 8:27,25.374873,76.495586,12560.6,0.98,7.25,22.81,200.4,0.0,0.1,12207.868283373611
2000-01-01 14:45:45,GPS Time :2025-10-5 8:27,25.374873,76.495586,12560.6,0.85,7.18,22.75,199.69,0.0,0.1,12231.157787007289
2000-01-01 14:45:52,GPS Time :2025-10-5 8:27,25.37586,76.496836,12632.5,1.12,7.1,22.99,198.91,0.0,0.1,12256.820863819847
2000-01-01 14:45:59,GPS Time :2025-10-5 8:27,25.376477,76.497537,12656.0,1.19,7.04,22.75,198.26,0.0,0.0,12278.269086151902
2000-01-01 14:46:06,GPS Time :2025-10-5 8:27,25.377076,76.498256,12679.8,0.79,6.98,22.84,197.56,0.0,0.0,12301.430947300632
2000-01-01 14:46:12,GPS Time :2025-10-5 8:27,25.377589,76.498917,12679.8,1.1,6.91,22.71,196.94,0.0,0.1,12322.001302901246
2000-01-01 14:46:19,GPS Time :2025-10-5 8:27,25.377589,76.498917,12679.8,1.34,6.86,22.83,196.17,0.0,0.0,12347.621490226085
2000-01-01 14:46:26,GPS Time :2025-10-5 8:28,25.378748,76.50017,12749.3,1.23,6.82,22.28,195.5,0.0,0.1,12369.980722718356
2000-01-01 14:46:33,GPS Time :2025-10-5 8:28,25.379306,76.500816,12771.8,1.03,6.75,22.07,194.75,0.0,0.1,12395.083442247425
2000-01-01 14:46:40,GPS Time :2025-10-5 8:28,25.379888,76.501442,12797.3,1.13,6.66,22.19,194.09,0.0,0.1,12417.238674723641
2000-01-01 14:46:46,GPS Time :2025-10-5 8:28,25.379888,76.501442,12797.3,1.42,6.57,22.56,193.4,0.0,0.1,12440.466289453174
2000-01-01 14:46:53,GPS Time :2025-10-5 8:28,25.381129,76.502559,12844.1,1.54,6.51,22.51,192.65,0.0,0.1,12465.78993429169
2000-01-01 14:47:00,GPS Time :2025-10-5 8:28,25.381791,76.50318,12868.3,1.21,6.44,22.87,191.98,0.0,0.0,12488.479994281726
2000-01-01 14:47:07,GPS Time :2025-10-5 8:28,25.382355,76.503832,12892.9,1.24,6.36,22.79,191.27,0.0,0.1,12512.594773378332
2000-01-01 14:47:13,GPS Time :2025-10-5 8:28,25.383028,76.504501,12892.9,1.41,6.29,22.66,190.54,0.0,0.0,12537.464539411209
2000-01-01 14:47:20,GPS Time :2025-10-5 8:28,25.383028,76.504501,12892.9,1.29,6.23,22.88,189.75,0.0,0.1,12564.465477547776
2000-01-01 14:47:27,GPS Time :2025-10-5 8:29,25.384199,76.505465,12969.0,1.17,6.17,22.63,189.0,0.0,0.0,12590.183645354206
2000-01-01 14:47:34,GPS Time :2025-10-5 8:29,25.384713,76.506103,12995.6,1.06,6.1,22.39,188.19,0.0,0.1,12618.052258510692
2000-01-01 14:47:41,GPS Time :2025-10-5 8:29,25.385272,76.506804,13024.7,1.4,6.02,22.01,187.44,0.0,0.0,12643.943272168714
2000-01-01 14:47:47,GPS Time :2025-10-5 8:29,25.385272,76.506804,13024.7,1.1,5.96,22.21,186.76,0.0,0.0,12667.490404063015
2000-01-01 14:47:54,GPS Time :2025-10-5 8:29,25.385272,76.506804,13024.7,0.93,5.91,22.76,186.17,0.0,0.0,12687.977322394181
2000-01-01 14:48:01,GPS Time :2025-10-5 8:29,25.386891,76.508579,13094.4,1.38,5.85,22.6,185.58,0.0,0.0,12708.516884016144
2000-01-01 14:48:08,GPS Time :2025-10-5 8:29,25.387461,76.509131,13118.6,1.63,5.77,22.6,184.75,0.0,0.0,12737.501225187492
2000-01-01 14:48:14,GPS Time :2025-10-5 8:29,25.388029,76.509711,13118.6,1.2,5.7,22.41,184.08,0.0,0.0,12760.975237072684
2000-01-01 14:48:21,GPS Time :2025-10-5 8:29,25.388029,76.509711,13118.6,1.12,5.64,22.23,183.38,0.0,0.0,12785.574343340402
2000-01-01 14:48:28,GPS Time :2025-10-5 9:30,25.389018,76.510863,13191.5,1.44,5.57,22.19,182.73,0.0,0.0,12808.484550021654
2000-01-01 14:48:35,GPS Time :2025-10-5 9:30,25.38964,76.511456,13217.1,1.39,5.51,21.93,182.04,0.0,0.0,12832.876939135636
2000-01-01 14:48:42,GPS Time :2025-10-5 9:30,25.390274,76.512097,13242.2,1.14,5.43,21.9,181.38,0.0,0.0,12856.278947503915
2000-01-01 14:48:48,GPS Time :2025-10-5 9:30,25.390274,76.512097,13242.2,0.98,5.34,21.54,180.68,0.0,0.0,12881.174732425443
2000-01-01 14:48:55,GPS Time :2025-10-5 9:30,25.391468,76.513245,13289.8,1.09,5.26,21.98,180.0,0.0,0.0,12905.434111524459
2000-01-01 14:49:02,GPS Time :2025-10-5 9:30,25.392238,76.513798,13316.8,0.96,5.17,22.18,179.35,0.0,0.0,12928.692697701174
2000-01-01 14:49:09,GPS Time :2025-10-5 9:30,25.392923,76.514283,13341.1,0.89,5.1,22.23,178.62,0.0,0.0,12954.895398721494
2000-01-01 14:49:15,GPS Time :2025-10-5 9:30,25.393681,76.51485,13341.1,0.86,5.02,22.23,177.95,0.0,0.1,12979.02088309445
2000-01-01 14:49:22,GPS Time :2025-10-5 9:30,25.393681,76.51485,13341.1,0.99,4.96,22.46,177.33,0.0,0.0,13001.411574252616
2000-01-01 14:49:29,GPS Time :2025-10-5 9:31,25.395004,76.516004,13411.2,0.88,4.9,22.38,176.63,0.0,0.0,13026.767706424154
2000-01-01 14:49:36,GPS Time :2025-10-5 9:31,25.395741,76.516565,13435.9,0.92,4.83,22.46,176.04,0.0,0.0,13048.202578660595
2000-01-01 14:49:43,GPS Time :2025-10-5 9:31,25.396501,76.517074,13460.1,1.12,4.76,22.35,175.5,0.0,0.0,13067.871984618905
2000-01-01 14:49:49,GPS Time :2025-10-5 9:31,25.396501,76.517074,13460.1,1.02,4.7,22.4,174.8,0.0,0.1,13093.442435782381
2000-01-01 14:49:56,GPS Time :2025-10-5 9:31,25.397819,76.517973,13502.7,1.22,4.65,22.26,174.21,0.0,0.1,13115.059152002732
2000-01-01 14:50:03,GPS Time :2025-10-5 9:31,25.398539,76.518456,13526.2,1.27,4.58,22.04,173.62,0.0,0.0,13136.735233316129
2000-01-01 14:50:10,GPS Time :2025-10-5 9:31,25.399239,76.518931,13549.0,1.32,4.51,21.81,173.0,0.0,0.0,13159.577858622895
2000-01-01 14:50:17,GPS Time :2025-10-5 9:31,25.399998,76.5195,13549.0,1.33,4.44,21.92,172.46,0.0,0.0,13179.527124567636
2000-01-01 14:50:24,GPS Time :2025-10-5 9:31,25.399998,76.5195,13549.0,1.41,4.38,21.88,171.69,0.0,0.1,13208.060968776046
2000-01-01 14:50:31,GPS Time :2025-10-5 9:32,25.401906,76.521052,13617.3,1.31,4.32,22.41,171.1,0.0,0.1,13229.994768461404
2000-01-01 14:50:38,GPS Time :2025-10-5 9:32,25.401906,76.521052,13640.2,1.34,4.26,21.87,170.46,0.0,0.1,13253.856726005746
2000-01-01 14:50:44,GPS Time :2025-10-5 9:32,25.402512,76.521722,13663.1,0.9,4.16,21.65,169.8,0.0,0.1,13278.540475777203
2000-01-01 14:50:51,GPS Time :2025-10-5 9:32,25.403087,76.522471,13690.0,1.23,4.07,21.68,169.2,0.0,0.1,13301.047760047104
2000-01-01 14:50:58,GPS Time :2025-10-5 9:32,25.403692,76.523113,13715.4,0.81,3.98,21.7,168.6,0.0,0.0,13323.61976821134
2000-01-01 14:51:05,GPS Time :2025-10-5 9:32,25.404183,76.523904,13738.7,0.85,3.9,22.32,167.95,0.0,0.0,13348.14630044778
2000-01-01 14:51:12,GPS Time :2025-10-5 9:32,25.404689,76.524686,13762.0,1.24,3.83,22.24,167.31,0.0,0.0,13372.370718200604
2000-01-01 14:51:19,GPS Time :2025-10-5 9:32,25.405244,76.52545,13785.8,1.23,3.74,22.15,166.68,0.0,0.0,13396.290028404881
2000-01-01 14:51:26,GPS Time :2025-10-5 9:33,25.405798,76.526194,13809.6,1.0,3.66,22.17,166.11,0.0,0.0,13417.994475751819
2000-01-01 14:51:33,GPS Time :2025-10-5 9:33,25.406271,76.526978,13830.7,1.22,3.59,22.11,165.62,0.0,0.1,13436.700945616387
2000-01-01 14:51:40,GPS Time :2025-10-5 9:33,25.406792,76.52777,13853.5,1.46,3.51,22.4,164.87,0.0,0.1,13465.420280623097
2000-01-01 14:51:47,GPS Time :2025-10-5 9:33,25.407362,76.528519,13880.5,1.32,3.45,22.45,164.15,0.0,0.0,13493.09054596414
2000-01-01 14:51:54,GPS Time :2025-10-5 9:33,25.407834,76.529361,13906.2,1.13,3.37,22.21,163.53,0.0,0.1,13516.996584115626
2000-01-01 14:52:01,GPS Time :2025-10-5 9:33,25.408275,76.530234,13930.9,1.34,3.32,22.47,163.0,0.0,0.1,13537.490648394702
2000-01-01 14:52:08,GPS Time :2025-10-5 9:33,25.40877,76.531012,13953.7,1.53,3.22,21.79,162.45,0.0,0.1,13558.815207233234
2000-01-01 14:52:15,GPS Time :2025-10-5 9:33,25.40921,76.531792,13976.8,1.07,3.15,21.84,161.81,0.0,0.1,13583.70296223956
2000-01-01 14:52:23,GPS Time :2025-10-5 9:34,25.409566,76.532638,13999.7,1.35,3.07,21.98,161.21,0.0,0.1,13607.107733114397
2000-01-01 14:52:30,GPS Time :2025-10-5 9:34,25.409961,76.533411,14022.7,1.32,2.98,21.94,160.66,0.0,0.1,13628.624155009784
2000-01-01 14:52:37,GPS Time :2025-10-5 9:34,25.409961,76.533411,14022.7,0.89,2.9,22.08,159.97,0.0,0.1,13655.702000170833
2000-01-01 14:52:44,GPS Time :2025-10-5 9:34,25.409961,76.533411,14022.7,1.18,2.83,22.16,159.48,0.0,0.1,13674.988681927749
2000-01-01 14:52:52,GPS Time :2025-10-5 9:34,25.411238,76.536139,14022.7,1.53,2.74,22.19,158.91,0.0,0.1,13697.484680342062
2000-01-01 14:52:59,GPS Time :2025-10-5 9:34,25.411628,76.536913,14115.6,1.45,2.65,22.1,158.33,0.0,0.1,13720.442517572095
2000-01-01 14:53:06,GPS Time :2025-10-5 9:34,25.412459,76.538622,14139.2,1.15,2.57,22.55,157.71,0.0,0.1,13745.059086754538
2000-01-01 14:53:13,GPS Time :2025-10-5 9:34,25.412933,76.539429,14161.7,1.06,2.49,22.14,157.25,0.0,0.1,13763.373682710668
2000-01-01 14:53:20,GPS Time :2025-10-5 9:34,25.412933,76.539429,14182.7,1.38,2.41,22.18,156.58,0.0,0.1,13790.127058400212
2000-01-01 14:53:27,GPS Time :2025-10-5 9:34,25.412933,76.539429,14182.7,1.09,2.34,22.37,156.02,0.0,0.1,13812.559302970736
2000-01-01 14:53:34,GPS Time :2025-10-5 9:34,25.412933,76.539429,14182.7,1.17,2.29,22.2,155.28,0.0,0.1,13842.302131072469
2000-01-01 14:53:41,GPS Time :2025-10-5 9:35,25.414682,76.54214,14182.7,0.68,2.21,21.95,154.56,0.0,0.1,13871.35147193331
2000-01-01 14:53:48,GPS Time :2025-10-5 9:35,25.415151,76.543052,14182.7,1.11,2.11,21.79,153.96,0.0,0.1,13895.64308321576
2000-01-01 14:53:55,GPS Time :2025-10-5 9:35,25.415718,76.543681,14182.7,0.99,2.03,21.81,153.36,0.0,0.1,13920.01147524708
2000-01-01 14:54:02,GPS Time :2025-10-5 9:35,25.416182,76.544462,14182.7,1.03,1.96,22.77,152.65,0.0,0.1,13948.947338381278
2000-01-01 14:54:09,GPS Time :2025-10-5 9:35,25.41678,76.545278,14182.7,1.07,1.88,22.0,152.06,0.0,0.1,13973.075661386918
2000-01-01 14:54:16,GPS Time :2025-10-5 9:35,25.417376,76.546118,14182.7,1.07,1.82,22.18,151.57,0.0,0.1,13993.172131624302
2000-01-01 14:54:24,GPS Time :2025-10-5 9:36,25.418072,76.546866,14417.8,1.28,1.75,22.07,150.75,0.0,0.1,14026.920956960224
2000-01-01 14:54:31,GPS Time :2025-10-5 9:36,25.418685,76.547613,14446.8,1.0,1.67,21.8,150.01,0.0,0.0,14057.505063694332
2000-01-01 14:54:38,GPS Time :2025-10-5 9:36,25.419442,76.548481,14480.2,0.67,1.63,22.61,149.2,0.0,0.0,14091.122636409136
2000-01-01 14:54:45,GPS Time :2025-10-5 9:36,25.420316,76.54913,14480.2,0.91,1.55,21.81,148.58,0.0,0.0,14116.954605453795
2000-01-01 14:54:53,GPS Time :2025-10-5 9:36,25.421118,76.549744,14545.5,0.82,1.46,21.93,147.83,0.0,0.0,14148.319875075113
2000-01-01 14:55:00,GPS Time :2025-10-5 9:36,25.421886,76.550512,14573.6,1.22,1.39,21.65,147.09,0.0,0.0,14179.393489339824
2000-01-01 14:55:07,GPS Time :2025-10-5 9:36,25.421886,76.550512,14573.6,1.55,1.33,21.84,146.41,0.0,0.0,14208.059433807832
2000-01-01 14:55:14,GPS Time :2025-10-5 9:36,25.423709,76.551975,14573.6,1.52,1.23,21.23,145.7,0.0,0.0,14238.105336137378
2000-01-01 14:55:22,GPS Time :2025-10-5 9:36,25.424602,76.552628,14663.1,1.33,1.12,21.08,144.93,0.0,0.0,14270.824643436537
2000-01-01 14:55:29,GPS Time :2025-10-5 9:37,25.425438,76.553225,14696.8,0.81,1.07,21.3,144.14,0.0,0.0,14304.540430626876
2000-01-01 14:55:36,GPS Time :2025-10-5 9:37,25.425438,76.553225,14696.8,0.36,0.9,20.52,143.34,0.0,0.0,14338.835837422801
2000-01-01 14:55:44,GPS Time :2025-10-5 9:37,25.427233,76.554512,14765.5,0.58,0.85,20.16,142.66,0.0,0.0,14368.109014652866
2000-01-01 14:55:51,GPS Time :2025-10-5 9:37,25.427233,76.554512,14765.5,1.22,0.79,20.32,141.89,0.0,0.0,14401.393311710568
2000-01-01 14:55:58,GPS Time :2025-10-5 9:37,25.427233,76.554512,14765.5,1.64,0.72,19.59,141.18,0.0,0.0,14432.213894242246
2000-01-01 14:56:05,GPS Time :2025-10-5 9:37,25.427233,76.554512,14765.5,1.56,0.64,19.55,140.51,0.0,0.0,14461.413427773576
2000-01-01 14:56:13,GPS Time :2025-10-5 9:37,25.427233,76.554512,14765.5,1.22,0.56,20.14,139.85,0.0,0.0,14490.287592732719
2000-01-01 14:56:20,GPS Time :2025-10-5 9:38,25.427233,76.554512,14765.5,0.9,0.49,19.52,139.06,0.0,0.0,14524.994542176293
2000-01-01 14:56:27,GPS Time :2025-10-5 9:38,25.427233,76.554512,14765.5,0.64,0.43,19.77,138.5,0.0,0.0,14549.693767280258
2000-01-01 14:56:35,GPS Time :2025-10-5 9:38,25.427233,76.554512,14765.5,0.86,0.35,19.63,137.84,0.0,0.0,14578.907605235772
2000-01-01 14:56:42,GPS Time :2025-10-5 9:38,25.427233,76.554512,14765.5,0.95,0.28,19.7,137.05,0.0,0.0,14614.024995332471
2000-01-01 14:56:50,GPS Time :2025-10-5 9:38,25.427233,76.554512,14765.5,0.87,0.22,20.01,136.39,0.0,0.0,14643.489476122328
2000-01-01 14:56:57,GPS Time :2025-10-5 9:38,25.427233,76.554512,14765.5,1.46,0.14,20.1,135.8,0.0,0.0,14669.92683757779
2000-01-01 14:57:05,GPS Time :2025-10-5 9:38,25.427233,76.554512,14765.5,1.08,0.04,19.94,135.18,0.0,0.0,14697.808887722842
2000-01-01 14:57:12,GPS Time :2025-10-5 9:38,25.427233,76.554512,14765.5,1.41,-0.06,19.9,134.46,0.0,0.0,14730.318298485618
2000-01-01 14:57:20,GPS Time :2025-10-5 9:38,25.427233,76.554512,14765.5,1.08,-0.14,19.92,133.77,0.0,0.0,14761.605698580577
2000-01-01 14:57:27,GPS Time :2025-10-5 9:39,25.427233,76.554512,14765.5,0.97,-0.26,19.83,133.07,0.0,0.0,14793.480365062196
2000-01-01 14:57:35,GPS Time :2025-10-5 9:39,25.427233,76.554512,14765.5,1.36,-0.36,20.09,132.45,0.0,0.0,14821.825802187306
2000-01-01 14:57:42,GPS Time :2025-10-5 9:39,25.427233,76.554512,14765.5,1.41,-0.44,20.29,131.76,0.0,0.0,14853.498138302832
2000-01-01 14:57:50,GPS Time :2025-10-5 9:39,25.427233,76.554512,14765.5,1.45,-0.54,20.35,131.14,0.0,0.0,14882.07210939675
2000-01-01 14:57:57,GPS Time :2025-10-5 9:39,25.427233,76.554512,14765.5,1.29,-0.63,20.31,130.57,0.0,0.0,14908.438407594718
2000-01-01 14:58:05,GPS Time :2025-10-5 9:39,25.427233,76.554512,14765.5,1.21,-0.74,20.34,129.9,0.0,0.0,14939.549807852822
2000-01-01 14:58:12,GPS Time :2025-10-5 9:39,25.427233,76.554512,14765.5,1.1,-0.83,20.4,129.26,0.0,0.0,14969.389743046151
2000-01-01 14:58:20,GPS Time :2025-10-5 9:39,25.427233,76.554512,14765.5,0.75,-0.92,20.91,128.72,0.0,0.0,14994.660392523409
2000-01-01 14:58:27,GPS Time :2025-10-5 9:40,25.427233,76.554512,14765.5,1.07,-1.0,20.56,128.11,0.0,0.2,15023.310338868927
2000-01-01 14:58:35,GPS Time :2025-10-5 9:40,25.427233,76.554512,14765.5,1.07,-1.09,20.39,127.44,0.0,0.5,15054.905896187078
2000-01-01 14:58:42,GPS Time :2025-10-5 9:40,25.427233,76.554512,14765.5,1.02,-1.17,20.33,126.88,0.0,0.6,15081.417488548957
2000-01-01 14:58:50,GPS Time :2025-10-5 9:40,25.427233,76.554512,14765.5,1.59,-1.23,19.77,126.3,0.0,0.7,15108.976002477004
2000-01-01 14:58:57,GPS Time :2025-10-5 9:40,25.427233,76.554512,14765.5,1.36,-1.33,20.07,125.48,0.0,0.9,15148.113432209799
2000-01-01 14:59:05,GPS Time :2025-10-5 9:40,25.427233,76.554512,14765.5,1.02,-1.43,20.41,124.99,0.0,0.9,15171.599395138586
2000-01-01 14:59:13,GPS Time :2025-10-5 9:40,25.427233,76.554512,14765.5,1.11,-1.53,20.1,124.3,0.0,1.0,15204.798205923797
2000-01-01 14:59:20,GPS Time :2025-10-5 9:40,25.427233,76.554512,14765.5,0.79,-1.62,20.31,123.66,0.0,1.0,15235.724978701503
2000-01-01 14:59:27,GPS Time :2025-10-5 9:41,25.427233,76.554512,14765.5,1.18,-1.72,20.38,123.15,0.0,0.9,15260.46268288562
2000-01-01 14:59:35,GPS Time :2025-10-5 9:41,25.427233,76.554512,14765.5,0.88,-1.81,20.33,122.36,0.0,0.9,15298.946153365527
2000-01-01 14:59:42,GPS Time :2025-10-5 9:41,25.427233,76.554512,14765.5,1.5,-1.9,20.33,121.74,0.0,0.8,15329.289536257313
2000-01-01 14:59:50,GPS Time :2025-10-5 9:41,25.427233,76.554512,14765.5,1.71,-1.96,20.58,120.86,0.0,0.8,15372.573143915006
2000-01-01 14:59:58,GPS Time :2025-10-5 9:41,25.427233,76.554512,14765.5,1.43,-2.03,20.36,120.33,0.0,0.8,15398.764966267036
2000-01-01 15:00:05,GPS Time :2025-10-5 9:41,25.427233,76.554512,14765.5,1.21,-2.13,20.01,119.81,0.0,0.6,15424.55355254083
2000-01-01 15:00:13,GPS Time :2025-10-5 9:41,25.427233,76.554512,14765.5,1.48,-2.21,20.21,119.26,0.0,0.6,15451.928761767791
2000-01-01 15:00:20,GPS Time :2025-10-5 9:41,25.427233,76.554512,14765.5,1.3,-2.29,20.13,118.67,0.0,0.6,15481.408787512406
2000-01-01 15:00:28,GPS Time :2025-10-5 9:42,25.427233,76.554512,14765.5,1.02,-2.37,20.06,118.24,0.0,0.5,15502.969092099336
2000-01-01 15:00:35,GPS Time :2025-10-5 9:42,25.427233,76.554512,14765.5,1.07,-2.44,19.92,117.79,0.0,0.5,15525.600300167474
2000-01-01 15:00:43,GPS Time :2025-10-5 9:42,25.427233,76.554512,14765.5,1.37,-2.52,20.19,117.18,0.0,0.5,15556.39020400357
2000-01-01 15:00:50,GPS Time :2025-10-5 9:42,25.427233,76.554512,14765.5,1.23,-2.62,19.87,116.59,0.0,0.5,15586.294330659424
2000-01-01 15:00:58,GPS Time :2025-10-5 9:42,25.427233,76.554512,14765.5,1.5,-2.7,20.05,116.06,0.0,0.5,15613.262025501774
2000-01-01 15:01:05,GPS Time :2025-10-5 9:42,25.427233,76.554512,14765.5,1.67,-2.78,20.11,115.42,0.0,0.4,15645.960031187722
2000-01-01 15:01:13,GPS Time :2025-10-5 9:42,25.427233,76.554512,14765.5,1.17,-2.87,20.13,114.92,0.0,0.4,15671.607661033502
2000-01-01 15:01:20,GPS Time :2025-10-5 9:42,25.427233,76.554512,14765.5,0.87,-2.97,20.18,114.33,0.0,0.4,15701.988348952236
2000-01-01 15:01:28,GPS Time :2025-10-5 9:43,25.427233,76.554512,14765.5,1.33,-3.03,20.23,113.78,0.0,0.4,15730.423882377348
2000-01-01 15:01:35,GPS Time :2025-10-5 9:43,25.427233,76.554512,14765.5,1.2,-3.09,20.2,113.28,0.0,0.4,15756.37112041
2000-01-01 15:01:43,GPS Time :2025-10-5 9:43,25.427233,76.554512,14765.5,1.39,-3.15,20.13,112.7,0.0,0.2,15786.586361118714
2000-01-01 15:01:50,GPS Time :2025-10-5 9:43,25.427233,76.554512,14765.5,1.19,-3.23,19.95,112.15,0.0,0.2,15815.355288285115
2000-01-01 15:01:58,GPS Time :2025-10-5 9:43,25.427233,76.554512,14765.5,1.39,-3.31,19.74,111.64,0.0,0.2,15842.134199013928
2000-01-01 15:02:05,GPS Time :2025-10-5 9:43,25.427233,76.554512,14765.5,1.15,-3.38,19.62,111.16,0.0,0.2,15867.42852599345
2000-01-01 15:02:12,GPS Time :2025-10-5 9:43,25.427233,76.554512,14765.5,1.12,-3.47,19.74,110.68,0.0,0.2,15892.811454849541
2000-01-01 15:02:20,GPS Time :2025-10-5 9:43,25.427233,76.554512,14765.5,1.57,-3.54,20.07,110.18,0.0,0.2,15919.346973310861
2000-01-01 15:02:27,GPS Time :2025-10-5 9:44,25.427233,76.554512,14765.5,1.42,-3.61,20.25,109.58,0.0,0.2,15951.318620315282
2000-01-01 15:02:35,GPS Time :2025-10-5 9:44,25.427233,76.554512,14765.5,1.33,-3.68,20.31,109.02,0.0,0.2,15981.286978841064
2000-01-01 15:02:43,GPS Time :2025-10-5 9:44,25.427233,76.554512,14765.5,1.08,-3.74,20.16,108.5,0.0,0.2,16009.226565947096
2000-01-01 15:02:50,GPS Time :2025-10-5 9:44,25.427233,76.554512,14765.5,1.24,-3.82,20.04,107.97,0.0,0.2,16037.815256802254
2000-01-01 15:02:58,GPS Time :2025-10-5 9:44,25.427233,76.554512,14765.5,1.0,-3.88,19.92,107.42,0.0,0.2,16067.603173260744
2000-01-01 15:03:05,GPS Time :2025-10-5 9:44,25.427233,76.554512,14765.5,1.15,-3.94,19.87,106.95,0.0,0.2,16093.156326122988
2000-01-01 15:03:13,GPS Time :2025-10-5 9:44,25.427233,76.554512,14765.5,1.06,-4.03,19.7,106.36,0.0,0.2,16125.362729710465
2000-01-01 15:03:20,GPS Time :2025-10-5 9:44,25.427233,76.554512,14765.5,0.7,-4.11,19.65,105.81,0.0,0.2,16155.516203797288
2000-01-01 15:03:28,GPS Time :2025-10-5 9:45,25.427233,76.554512,14765.5,1.46,-4.19,19.72,105.28,0.0,0.2,16184.693511470994
2000-01-01 15:03:35,GPS Time :2025-10-5 9:45,25.427233,76.554512,14765.5,1.44,-4.27,19.97,104.7,0.0,0.2,16216.760018118377
2000-01-01 15:03:42,GPS Time :2025-10-5 9:45,25.427233,76.554512,14765.5,1.48,-4.34,19.94,104.25,0.0,0.2,16241.73845043733
2000-01-01 15:03:50,GPS Time :2025-10-5 9:45,25.427233,76.554512,14765.5,1.06,-4.41,19.69,103.67,0.0,0.2,16274.0619862843
2000-01-01 15:03:57,GPS Time :2025-10-5 9:45,25.427233,76.554512,14765.5,1.19,-4.46,19.87,103.13,0.0,0.2,16304.288220749819
2000-01-01 15:04:05,GPS Time :2025-10-5 9:45,25.427233,76.554512,14765.5,1.21,-4.52,19.73,102.6,0.0,0.2,16334.079591871952
2000-01-01 15:04:12,GPS Time :2025-10-5 9:45,25.427233,76.554512,14765.5,1.65,-4.62,19.53,102.02,0.0,0.2,16366.824620396554
2000-01-01 15:04:20,GPS Time :2025-10-5 9:45,25.427233,76.554512,14765.5,1.53,-4.69,20.04,101.5,0.0,0.2,16396.310646203667
2000-01-01 15:04:27,GPS Time :2025-10-5 9:46,25.427233,76.554512,14765.5,1.04,-4.75,19.74,100.97,0.0,0.2,16426.48985812177
2000-01-01 15:04:35,GPS Time :2025-10-5 9:46,25.427233,76.554512,14765.5,1.07,-4.83,19.93,100.55,0.0,0.2,16450.49670059674
2000-01-01 15:04:42,GPS Time :2025-10-5 9:46,25.427233,76.554512,14765.5,1.3,-4.9,19.7,99.95,0.0,0.2,16484.93344294431
2000-01-01 15:04:50,GPS Time :2025-10-5 9:46,25.427233,76.554512,14765.5,1.49,-4.97,19.83,99.44,0.0,0.2,16514.336542023124
2000-01-01 15:04:57,GPS Time :2025-10-5 9:46,25.427233,76.554512,14765.5,1.02,-5.01,19.85,98.88,0.0,0.2,16546.763293736298
2000-01-01 15:05:05,GPS Time :2025-10-5 9:46,25.427233,76.554512,14765.5,0.98,-5.07,19.81,98.46,0.0,0.2,16571.181091437764
2000-01-01 15:05:12,GPS Time :2025-10-5 9:46,25.427233,76.554512,14765.5,1.22,-5.15,19.6,97.93,0.0,0.2,16602.114690818067
2000-01-01 15:05:20,GPS Time :2025-10-5 9:46,25.427233,76.554512,14765.5,1.21,-5.22,19.72,97.48,0.0,0.2,16628.48566669624
2000-01-01 15:05:27,GPS Time :2025-10-5 9:47,25.427233,76.554512,14765.5,1.26,-5.27,19.91,96.99,0.0,0.2,16657.313081062646
2000-01-01 15:05:35,GPS Time :2025-10-5 9:47,25.427233,76.554512,14765.5,1.18,-5.34,19.7,96.46,0.0,0.2,16688.626828012835
2000-01-01 15:05:42,GPS Time :2025-10-5 9:47,25.427233,76.554512,14765.5,1.14,-5.4,19.55,95.92,0.0,0.2,16720.67502271336
2000-01-01 15:05:50,GPS Time :2025-10-5 9:47,25.427233,76.554512,14765.5,1.48,-5.45,19.3,95.52,0.0,0.2,16744.508752759153
2000-01-01 15:05:57,GPS Time :2025-10-5 9:47,25.427233,76.554512,14765.5,1.24,-5.53,19.24,95.1,0.0,0.2,16769.621311784227
2000-01-01 15:06:05,GPS Time :2025-10-5 9:47,25.427233,76.554512,14765.5,1.13,-5.58,19.62,94.63,0.0,0.2,16797.830170332116
2000-01-01 15:06:12,GPS Time :2025-10-5 9:47,25.427233,76.554512,14765.5,0.82,-5.65,19.68,94.06,0.0,0.2,16832.193549613094
2000-01-01 15:06:20,GPS Time :2025-10-5 9:47,25.427233,76.554512,14765.5,1.18,-5.73,19.27,93.66,0.0,0.2,16856.40902901119
2000-01-01 15:06:27,GPS Time :2025-10-5 9:48,25.427233,76.554512,14765.5,1.47,-5.82,19.22,93.13,0.0,0.2,16888.623866872585
2000-01-01 15:06:35,GPS Time :2025-10-5 9:48,25.427233,76.554512,14765.5,1.01,-5.87,19.28,92.64,0.0,0.2,16918.539743135676
2000-01-01 15:06:42,GPS Time :2025-10-5 9:48,25.427233,76.554512,14765.5,1.19,-5.97,19.49,92.16,0.0,0.2,16947.969588809596
2000-01-01 15:06:50,GPS Time :2025-10-5 9:48,25.427233,76.554512,14765.5,1.44,-6.02,19.61,91.72,0.0,0.2,16975.05618824594
2000-01-01 15:06:57,GPS Time :2025-10-5 9:48,25.427233,76.554512,14765.5,1.17,-6.09,19.55,91.29,0.0,0.2,17001.629037281677
2000-01-01 15:07:05,GPS Time :2025-10-5 9:48,25.427233,76.554512,14765.5,0.94,-6.14,19.69,90.85,0.0,0.2,17028.92498639819
2000-01-01 15:07:12,GPS Time :2025-10-5 9:48,25.427233,76.554512,14765.5,1.35,-6.21,19.51,90.35,0.0,0.2,17060.073361699415
2000-01-01 15:07:20,GPS Time :2025-10-5 9:48,25.427233,76.554512,14765.5,1.41,-6.27,19.55,89.86,0.0,0.2,17090.734491939606
2000-01-01 15:07:27,GPS Time :2025-10-5 9:49,25.427233,76.554512,14765.5,1.01,-6.34,19.54,89.39,0.0,0.2,17120.271625151312
2000-01-01 15:07:35,GPS Time :2025-10-5 9:49,25.427233,76.554512,14765.5,1.23,-6.38,19.53,88.95,0.0,0.2,17148.037605395657
2000-01-01 15:07:42,GPS Time :2025-10-5 9:49,25.427233,76.554512,14765.5,1.38,-6.43,19.57,88.51,0.0,0.2,17175.915029977226
2000-01-01 15:07:50,GPS Time :2025-10-5 9:49,25.427233,76.554512,14765.5,1.23,-6.49,19.33,88.04,0.0,0.2,17205.817424388995
2000-01-01 15:07:57,GPS Time :2025-10-5 9:49,25.427233,76.554512,14765.5,1.22,-6.56,19.28,87.62,0.0,0.2,17232.64828403024
2000-01-01 15:08:05,GPS Time :2025-10-5 9:49,25.427233,76.554512,14765.5,1.22,-6.61,19.29,87.2,0.0,0.2,17259.58349351362
2000-01-01 15:08:12,GPS Time :2025-10-5 9:49,25.427233,76.554512,14765.5,1.49,-6.66,19.52,86.73,0.0,0.2,17289.850122658816
2000-01-01 15:08:20,GPS Time :2025-10-5 9:49,25.427233,76.554512,14765.5,1.24,-6.73,19.62,86.26,0.0,0.2,17320.249862968893
2000-01-01 15:08:27,GPS Time :2025-10-5 9:50,25.427233,76.554512,14765.5,1.29,-6.8,19.56,85.84,0.0,0.2,17347.529284722194
2000-01-01 15:08:35,GPS Time :2025-10-5 9:50,25.427233,76.554512,14765.5,1.2,-6.85,19.52,85.37,0.0,0.2,17378.184707229666
2000-01-01 15:08:42,GPS Time :2025-10-5 9:50,25.427233,76.554512,14765.5,1.22,-6.92,19.62,85.01,0.0,0.2,17401.758022758677
2000-01-01 15:08:50,GPS Time :2025-10-5 9:50,25.427233,76.554512,14765.5,1.71,-6.96,19.34,84.52,0.0,0.2,17433.974165419208
2000-01-01 15:08:57,GPS Time :2025-10-5 9:50,25.427233,76.554512,14765.5,1.33,-7.02,19.65,84.15,0.0,0.2,17458.401010459715
2000-01-01 15:09:05,GPS Time :2025-10-5 9:50,25.427233,76.554512,14765.5,1.35,-7.06,19.75,83.71,0.0,0.2,17487.56261995747
2000-01-01 15:09:12,GPS Time :2025-10-5 9:50,25.427233,76.554512,14765.5,1.48,-7.11,19.73,83.24,0.0,0.2,17518.849949908577
2000-01-01 15:09:20,GPS Time :2025-10-5 9:50,25.427233,76.554512,14765.5,1.07,-7.16,20.01,82.88,0.0,0.2,17542.911608843446
2000-01-01 15:09:27,GPS Time :2025-10-5 9:51,25.427233,76.554512,14765.5,1.08,-7.2,19.8,82.52,0.0,0.2,17567.0580510032
2000-01-01 15:09:35,GPS Time :2025-10-5 9:51,25.427233,76.554512,14765.5,1.68,-7.24,19.76,82.11,0.0,0.2,17594.66228474663
2000-01-01 15:09:42,GPS Time :2025-10-5 9:51,25.427233,76.554512,14765.5,1.21,-7.28,19.76,81.64,0.0,0.2,17626.44381524753
2000-01-01 15:09:49,GPS Time :2025-10-5 9:51,25.427233,76.554512,14765.5,1.04,-7.31,19.79,81.41,0.0,0.2,17642.050502170594
2000-01-01 15:09:57,GPS Time :2025-10-5 9:51,25.427233,76.554512,14765.5,1.11,-7.36,19.65,81.57,0.0,0.2,17631.189903358638
2000-01-01 15:10:04,GPS Time :2025-10-5 9:51,25.427233,76.554512,14765.5,0.97,-7.42,19.72,82.14,0.0,0.2,17592.638682595374
2000-01-01 15:10:12,GPS Time :2025-10-5 9:51,25.427233,76.554512,14765.5,1.77,-7.46,19.66,82.71,0.0,0.2,17554.303489408954
2000-01-01 15:10:19,GPS Time :2025-10-5 9:51,25.427233,76.554512,14765.5,1.74,-7.48,20.2,83.41,0.0,0.2,17507.516781121678
2000-01-01 15:10:27,GPS Time :2025-10-5 9:52,25.427233,76.554512,14765.5,1.32,-7.53,19.91,84.15,0.0,0.4,17458.401010459715
2000-01-01 15:10:34,GPS Time :2025-10-5 9:52,25.427233,76.554512,14765.5,1.07,-7.57,19.49,84.77,0.0,0.2,17417.51851567819
2000-01-01 15:10:42,GPS Time :2025-10-5 9:52,25.427233,76.554512,14765.5,1.23,-7.59,20.12,85.45,0.0,0.2,17372.957127436715
2000-01-01 15:10:49,GPS Time :2025-10-5 9:52,25.427233,76.554512,14765.5,0.77,-7.62,20.06,86.12,0.0,0.2,17329.331029418387
2000-01-01 15:10:57,GPS Time :2025-10-5 9:52,25.427233,76.554512,14765.5,1.79,-7.65,20.18,86.79,0.0,0.2,17285.978913168543
2000-01-01 15:11:04,GPS Time :2025-10-5 9:52,25.427233,76.554512,14765.5,1.98,-7.7,20.06,87.53,0.0,0.2,17238.41129921303
2000-01-01 15:11:12,GPS Time :2025-10-5 9:52,25.427233,76.554512,14765.5,1.44,-7.72,20.14,88.26,0.0,0.2,17191.804507486206
2000-01-01 15:11:19,GPS Time :2025-10-5 9:52,25.427233,76.554512,14765.5,0.84,-7.75,20.03,88.98,0.0,0.2,17146.140941461123
2000-01-01 15:11:27,GPS Time :2025-10-5 9:53,25.427233,76.554512,14765.5,1.7,-7.79,20.1,89.78,0.0,0.2,17095.75324038471
2000-01-01 15:11:34,GPS Time :2025-10-5 9:53,25.427233,76.554512,14765.5,1.73,-7.83,19.73,90.57,0.0,0.2,17046.350923533053
2000-01-01 15:11:42,GPS Time :2025-10-5 9:53,25.427233,76.554512,14765.5,0.96,-7.88,19.5,91.44,0.0,0.2,16992.34794940609
2000-01-01 15:11:49,GPS Time :2025-10-5 9:53,25.427233,76.554512,14765.5,1.01,-7.94,19.71,92.1,0.0,0.2,16951.65704135096
2000-01-01 15:11:57,GPS Time :2025-10-5 9:53,25.427233,76.554512,14765.5,1.65,-7.97,19.69,92.88,0.0,0.2,16903.87110063905
2000-01-01 15:12:04,GPS Time :2025-10-5 9:53,25.427233,76.554512,14765.5,1.16,-8.01,20.05,93.59,0.0,0.2,16860.655344651794
2000-01-01 15:12:12,GPS Time :2025-10-5 9:53,25.427233,76.554512,14765.5,1.37,-8.06,20.02,94.29,0.0,0.2,16818.307385221517
2000-01-01 15:12:19,GPS Time :2025-10-5 9:53,25.427233,76.554512,14765.5,1.55,-8.12,20.23,95.08,0.0,0.2,16770.819386416348
2000-01-01 15:12:27,GPS Time :2025-10-5 9:53,25.427233,76.554512,14765.5,1.27,-8.16,20.03,95.92,0.0,0.2,16720.67502271336
2000-01-01 15:12:34,GPS Time :2025-10-5 9:54,25.427233,76.554512,14765.5,1.11,-8.21,19.97,96.71,0.0,0.2,16673.83887874065
2000-01-01 15:12:42,GPS Time :2025-10-5 9:54,25.427233,76.554512,14765.5,1.24,-8.25,20.07,97.46,0.0,0.2,16629.65999629094
2000-01-01 15:12:49,GPS Time :2025-10-5 9:54,25.427233,76.554512,14765.5,1.38,-8.32,20.08,98.44,0.0,0.2,16572.345946044894
2000-01-01 15:12:56,GPS Time :2025-10-5 9:54,25.427233,76.554512,14765.5,1.77,-8.36,20.11,99.29,0.0,0.2,16523.0077497112
2000-01-01 15:13:04,GPS Time :2025-10-5 9:54,25.427233,76.554512,14765.5,0.97,-8.43,19.91,100.05,0.0,0.2,16479.182381667662
2000-01-01 15:13:11,GPS Time :2025-10-5 9:54,25.427233,76.554512,14765.5,1.57,-8.47,19.92,100.87,0.0,0.2,16432.198427897056
2000-01-01 15:13:19,GPS Time :2025-10-5 9:54,25.427233,76.554512,14765.5,0.93,-8.53,19.92,101.83,0.0,0.2,16377.584220271536
2000-01-01 15:13:27,GPS Time :2025-10-5 9:55,25.427233,76.554512,14765.5,1.29,-8.58,20.01,102.6,0.0,0.2,16334.079591871952
2000-01-01 15:13:34,GPS Time :2025-10-5 9:55,25.427233,76.554512,14765.5,1.02,-8.65,19.91,103.41,0.0,0.2,16288.59940287626
2000-01-01 15:13:41,GPS Time :2025-10-5 9:55,25.427233,76.554512,14765.5,1.51,-8.69,20.03,104.23,0.0,0.2,16242.8506279574
2000-01-01 15:13:49,GPS Time :2025-10-5 9:55,25.427233,76.554512,14765.5,1.13,-8.75,19.87,105.12,0.0,0.2,16193.525127174418
2000-01-01 15:13:56,GPS Time :2025-10-5 9:55,25.427233,76.554512,14765.5,0.99,-8.75,20.06,106.0,0.0,0.2,16145.085229773576
2000-01-01 15:14:04,GPS Time :2025-10-5 9:55,25.427233,76.554512,14765.5,1.46,-8.78,19.84,106.77,0.0,0.2,16102.966725198541
2000-01-01 15:14:11,GPS Time :2025-10-5 9:55,25.427233,76.554512,14765.5,1.46,-8.82,19.81,107.71,0.0,0.2,16051.88146573486
2000-01-01 15:14:19,GPS Time :2025-10-5 9:55,25.427233,76.554512,14765.5,1.49,-8.88,19.5,108.53,0.0,0.2,16007.61172257159
2000-01-01 15:14:26,GPS Time :2025-10-5 9:56,25.427233,76.554512,14765.5,1.12,-8.91,19.46,109.37,0.0,0.1,15962.542189760472
2000-01-01 15:14:34,GPS Time :2025-10-5 9:56,25.427233,76.554512,14765.5,1.53,-8.96,19.63,110.19,0.0,0.2,15918.815308229268
2000-01-01 15:14:41,GPS Time :2025-10-5 9:56,25.427233,76.554512,14765.5,1.3,-9.0,19.49,111.08,0.0,0.2,15871.652842519305
2000-01-01 15:14:49,GPS Time :2025-10-5 9:56,25.427233,76.554512,14765.5,1.12,-9.04,19.48,111.97,0.0,0.2,15824.795387245698
2000-01-01 15:14:56,GPS Time :2025-10-5 9:56,25.427233,76.554512,14765.5,1.6,-9.1,19.3,112.81,0.0,0.1,15780.846223869805
2000-01-01 15:15:04,GPS Time :2025-10-5 9:56,25.427233,76.554512,14765.5,1.34,-9.16,19.53,113.7,0.0,0.2,15734.569227571285
2000-01-01 15:15:11,GPS Time :2025-10-5 9:56,25.427233,76.554512,14765.5,0.89,-9.21,19.44,114.51,0.0,0.1,15692.706233087889
2000-01-01 15:15:19,GPS Time :2025-10-5 9:56,25.427233,76.554512,14765.5,1.35,-9.24,19.43,115.41,0.0,0.1,15646.472101264775
2000-01-01 15:15:26,GPS Time :2025-10-5 9:57,25.427233,76.554512,14765.5,1.61,-9.3,19.41,116.32,0.0,0.1,15600.020157198289
2000-01-01 15:15:34,GPS Time :2025-10-5 9:57,25.427233,76.554512,14765.5,0.89,-9.35,19.32,117.19,0.0,0.1,15555.884406179033
2000-01-01 15:15:41,GPS Time :2025-10-5 9:57,25.427233,76.554512,14765.5,1.43,-9.39,19.41,118.08,0.0,0.1,15511.007740582874
2000-01-01 15:15:48,GPS Time :2025-10-5 9:57,25.427233,76.554512,14765.5,1.2,-9.44,19.55,119.04,0.0,0.2,15462.907476417588
2000-01-01 15:15:56,GPS Time :2025-10-5 9:57,25.427233,76.554512,14765.5,1.51,-9.52,19.47,119.85,0.0,0.1,15422.5666006802
2000-01-01 15:16:04,GPS Time :2025-10-5 9:57,25.427233,76.554512,14765.5,1.2,-9.56,19.55,120.74,0.0,0.1,15378.495210536124
2000-01-01 15:16:11,GPS Time :2025-10-5 9:57,25.427233,76.554512,14765.5,1.45,-9.62,19.56,121.65,0.0,0.1,15333.704616034312
2000-01-01 15:16:18,GPS Time :2025-10-5 9:57,25.427233,76.554512,14765.5,0.88,-9.65,19.43,122.49,0.0,0.1,15292.599626602674
2000-01-01 15:16:26,GPS Time :2025-10-5 9:58,25.427233,76.554512,14765.5,1.33,-9.69,19.52,123.34,0.0,0.1,15251.236996364576
2000-01-01 15:16:33,GPS Time :2025-10-5 9:58,25.427233,76.554512,14765.5,1.52,-9.72,19.38,124.26,0.0,0.1,15206.727346893595
2000-01-01 15:16:41,GPS Time :2025-10-5 9:58,25.427233,76.554512,14765.5,1.01,-9.77,19.17,125.15,0.0,0.1,15163.92232398925
2000-01-01 15:16:48,GPS Time :2025-10-5 9:58,25.427233,76.554512,14765.5,1.43,-9.8,19.27,126.01,0.0,0.1,15122.793708376863
2000-01-01 15:16:56,GPS Time :2025-10-5 9:58,25.427233,76.554512,14765.5,1.33,-9.86,19.04,126.95,0.0,0.1,15078.098363907347
2000-01-01 15:17:03,GPS Time :2025-10-5 9:58,25.427233,76.554512,14765.5,1.34,-9.89,19.23,127.79,0.0,0.1,15038.384019185292
2000-01-01 15:17:11,GPS Time :2025-10-5 9:58,25.427233,76.554512,14765.5,1.36,-9.94,19.21,128.68,0.0,0.1,14996.535705363403
2000-01-01 15:17:18,GPS Time :2025-10-5 9:58,25.427233,76.554512,14765.5,0.71,-9.98,19.19,129.65,0.0,0.1,14951.19183283686
2000-01-01 15:17:26,GPS Time :2025-10-5 9:59,25.427233,76.554512,14765.5,1.44,-10.03,19.14,130.59,0.0,0.1,14907.51169800704
2000-01-01 15:17:33,GPS Time :2025-10-5 9:59,25.427233,76.554512,14765.5,0.9,-10.06,19.28,131.58,0.0,0.1,14861.782571100257
2000-01-01 15:17:41,GPS Time :2025-10-5 9:59,25.427233,76.554512,14765.5,0.99,-10.11,19.18,132.37,0.0,0.1,14825.491099964986
2000-01-01 15:17:48,GPS Time :2025-10-5 9:59,25.427233,76.554512,14765.5,1.43,-10.14,19.24,133.29,0.0,0.1,14783.448011753506
2000-01-01 15:17:56,GPS Time :2025-10-5 9:59,25.427233,76.554512,14765.5,1.35,-10.18,19.22,134.28,0.0,0.1,14738.467671544873
2000-01-01 15:18:03,GPS Time :2025-10-5 9:59,25.427233,76.554512,14765.5,0.82,-10.21,19.2,135.2,0.0,0.1,14696.907852003935
2000-01-01 15:18:10,GPS Time :2025-10-5 9:59,25.427233,76.554512,14765.5,1.4,-10.25,19.13,136.16,0.0,0.1,14653.784531362537
2000-01-01 15:18:18,GPS Time :2025-10-5 9:59,25.427233,76.554512,14765.5,1.83,-10.32,19.19,137.17,0.0,0.1,14608.680167195997
2000-01-01 15:18:26,GPS Time :2025-10-5 9:0,25.427233,76.554512,14765.5,0.93,-10.35,18.9,138.09,0.0,0.1,14567.828457801044
2000-01-01 15:18:33,GPS Time :2025-10-5 9:0,25.427233,76.554512,14765.5,1.12,-10.41,19.45,139.0,0.0,0.1,14527.637031069753
2000-01-01 15:18:41,GPS Time :2025-10-5 9:0,25.427233,76.554512,14765.5,1.47,-10.47,19.47,139.96,0.0,0.1,14485.467579775855
2000-01-01 15:18:48,GPS Time :2025-10-5 9:0,25.427233,76.554512,14765.5,1.12,-10.53,19.57,141.07,0.0,0.1,14437.000137439984
2000-01-01 15:18:56,GPS Time :2025-10-5 9:0,25.427233,76.554512,14765.5,1.5,-10.58,19.59,142.08,0.0,0.1,14393.166735928065
2000-01-01 15:19:03,GPS Time :2025-10-5 9:0,25.427233,76.554512,14765.5,1.68,-10.61,19.55,143.15,0.0,0.1,14347.0037669318
2000-01-01 15:19:11,GPS Time :2025-10-5 9:0,25.427233,76.554512,14765.5,1.31,-10.65,19.42,144.41,0.0,0.1,14293.000519135321
2000-01-01 15:19:18,GPS Time :2025-10-5 9:0,25.427233,76.554512,14765.5,0.9,-10.68,19.25,145.41,0.0,0.1,14250.411717826119
2000-01-01 15:19:26,GPS Time :2025-10-5 9:0,25.427233,76.554512,14765.5,1.28,-10.71,19.25,146.45,0.0,0.1,14206.370220578861
2000-01-01 15:19:33,GPS Time :2025-10-5 9:1,25.427233,76.554512,14765.5,1.87,-10.74,19.19,147.54,0.0,0.1,14160.482331083283
2000-01-01 15:19:41,GPS Time :2025-10-5 9:1,25.427233,76.554512,14765.5,1.74,-10.8,19.03,148.8,0.0,0.1,14107.778448705338
2000-01-01 15:19:48,GPS Time :2025-10-5 9:1,25.427233,76.554512,14765.5,1.24,-10.81,19.3,149.9,0.0,0.1,14062.06177442303
2000-01-01 15:19:56,GPS Time :2025-10-5 9:1,25.427233,76.554512,14765.5,1.67,-10.86,19.07,151.06,0.0,0.1,14014.144818596566
2000-01-01 15:20:03,GPS Time :2025-10-5 9:1,25.427233,76.554512,14765.5,1.02,-10.91,19.05,152.17,0.0,0.1,13968.571417913683
2000-01-01 15:20:11,GPS Time :2025-10-5 9:1,25.427233,76.554512,14765.5,1.09,-10.91,19.24,153.4,0.0,0.1,13918.384516158776
2000-01-01 15:20:18,GPS Time :2025-10-5 9:2,25.427233,76.554512,14765.5,1.21,-10.97,19.01,154.46,0.0,0.1,13875.394764746516
2000-01-01 15:20:26,GPS Time :2025-10-5 9:2,25.427233,76.554512,14765.5,1.33,-11.01,18.79,155.45,0.0,0.1,13835.459180141112
2000-01-01 15:20:33,GPS Time :2025-10-5 9:2,25.427233,76.554512,14765.5,1.22,-11.04,18.97,156.52,0.0,0.1,13792.52740278919
2000-01-01 15:20:40,GPS Time :2025-10-5 9:2,25.427233,76.554512,14765.5,1.3,-11.08,19.08,157.43,0.0,0.1,13756.201941518299
2000-01-01 15:20:48,GPS Time :2025-10-5 9:2,25.427233,76.554512,14765.5,1.32,-11.12,18.89,158.49,0.0,0.1,13714.102528041334
2000-01-01 15:20:55,GPS Time :2025-10-5 9:2,25.427233,76.554512,14765.5,1.4,-11.16,18.97,159.43,0.0,0.1,13676.959407625383
2000-01-01 15:21:03,GPS Time :2025-10-5 9:2,25.427233,76.554512,14765.5,1.41,-11.2,19.2,160.52,0.0,0.1,13634.110584796119
2000-01-01 15:21:11,GPS Time :2025-10-5 9:2,25.427233,76.554512,14765.5,1.46,-11.23,19.23,161.56,0.0,0.1,13593.446395170753
2000-01-01 15:21:18,GPS Time :2025-10-5 9:2,25.427233,76.554512,14765.5,1.39,-11.24,18.99,162.61,0.0,0.1,13552.605676818795
2000-01-01 15:21:26,GPS Time :2025-10-5 9:2,25.427233,76.554512,14765.5,1.39,-11.27,18.78,163.71,0.0,0.1,13510.048571111616
2000-01-01 15:21:33,GPS Time :2025-10-5 9:3,25.427233,76.554512,14765.5,1.58,-11.35,18.64,164.75,0.0,0.1,13470.025187344441
2000-01-01 15:21:41,GPS Time :2025-10-5 9:3,25.427233,76.554512,14765.5,1.06,-11.38,18.97,165.87,0.0,0.1,13427.151236943131
2000-01-01 15:21:48,GPS Time :2025-10-5 9:3,25.427233,76.554512,14765.5,1.05,-11.43,19.08,166.86,0.0,0.1,13389.448479798364
2000-01-01 15:21:56,GPS Time :2025-10-5 9:3,25.427233,76.554512,14765.5,1.34,-11.45,19.26,167.93,0.0,0.1,13348.902181074196
2000-01-01 15:22:03,GPS Time :2025-10-5 9:3,25.427233,76.554512,14765.5,1.4,-11.44,19.14,168.93,0.0,0.1,13311.197129266535
2000-01-01 15:22:11,GPS Time :2025-10-5 9:3,25.427233,76.554512,14765.5,1.29,-11.49,18.96,169.99,0.0,0.1,13271.426595574285
2000-01-01 15:22:18,GPS Time :2025-10-5 9:3,25.427233,76.554512,14765.5,1.37,-11.52,18.85,171.03,0.0,0.1,13232.601146240368
2000-01-01 15:22:26,GPS Time :2025-10-5 9:4,25.427233,76.554512,14765.5,1.22,-11.57,18.78,172.14,0.0,0.1,13191.372792425713
2000-01-01 15:22:33,GPS Time :2025-10-5 9:4,25.427233,76.554512,14765.5,1.34,-11.65,18.7,173.14,0.0,0.1,13154.414058930337
2000-01-01 15:22:41,GPS Time :2025-10-5 9:4,25.427233,76.554512,14765.5,1.22,-11.68,18.97,174.31,0.0,0.1,13111.39113353678
2000-01-01 15:22:48,GPS Time :2025-10-5 9:4,25.427233,76.554512,14765.5,1.5,-11.69,19.21,175.4,0.0,0.1,13071.519843962302
2000-01-01 15:22:56,GPS Time :2025-10-5 9:4,25.427233,76.554512,14765.5,1.34,-11.69,19.14,176.53,0.0,0.1,13030.396650798448
2000-01-01 15:23:03,GPS Time :2025-10-5 9:4,25.427233,76.554512,14765.5,1.21,-11.7,19.67,177.58,0.0,0.1,12992.375454204717
2000-01-01 15:23:11,GPS Time :2025-10-5 9:4,25.427233,76.554512,14765.5,1.28,-11.76,18.97,178.74,0.0,0.1,12950.582156834576
2000-01-01 15:23:18,GPS Time :2025-10-5 9:4,25.427233,76.554512,14765.5,1.68,-11.78,19.15,179.81,0.0,0.1,12912.225730956681
2000-01-01 15:23:25,GPS Time :2025-10-5 9:5,25.427233,76.554512,14765.5,1.3,-11.81,19.22,180.92,0.0,0.1,12872.630249743272
2000-01-01 15:23:33,GPS Time :2025-10-5 9:5,25.427233,76.554512,14765.5,1.26,-11.83,19.15,182.02,0.0,0.1,12833.585080652621
2000-01-01 15:23:40,GPS Time :2025-10-5 9:5,25.427233,76.554512,14765.5,1.33,-11.84,19.26,183.0,0.0,0.1,12798.960002519012
2000-01-01 15:23:48,GPS Time :2025-10-5 9:5,25.427233,76.554512,14765.5,1.28,-11.87,19.4,184.18,0.0,0.1,12757.46726526506
2000-01-01 15:23:55,GPS Time :2025-10-5 9:5,25.427233,76.554512,14765.5,1.53,-11.88,19.66,185.36,0.0,0.1,12716.189239545045
2000-01-01 15:24:03,GPS Time :2025-10-5 9:5,25.427233,76.554512,14765.5,1.51,-11.88,19.71,186.41,0.0,0.1,12679.637326092157
2000-01-01 15:24:11,GPS Time :2025-10-5 9:5,25.427233,76.554512,14765.5,1.54,-11.93,19.6,187.52,0.0,0.1,12641.177571314087
2000-01-01 15:24:18,GPS Time :2025-10-5 9:5,25.427233,76.554512,14765.5,1.35,-11.93,19.95,188.83,0.0,0.1,12596.024583117523
2000-01-01 15:24:26,GPS Time :2025-10-5 9:6,25.427233,76.554512,14765.5,1.38,-11.94,19.77,189.95,0.0,0.1,12557.621203831679
2000-01-01 15:24:33,GPS Time :2025-10-5 9:6,25.427233,76.554512,14765.5,1.5,-11.98,20.21,191.01,0.0,0.1,12521.443671642535
2000-01-01 15:24:41,GPS Time :2025-10-5 9:6,25.427233,76.554512,14765.5,1.04,-11.96,19.5,192.12,0.0,0.1,12483.73349409059
2000-01-01 15:24:48,GPS Time :2025-10-5 9:6,25.427233,76.554512,14765.5,1.45,-11.98,20.19,193.16,0.0,0.1,12448.561190461747
2000-01-01 15:24:56,GPS Time :2025-10-5 9:6,25.427233,76.554512,14765.5,1.3,-12.0,20.33,194.26,0.0,0.1,12411.526197699004
2000-01-01 15:25:03,GPS Time :2025-10-5 9:6,25.427233,76.554512,14765.5,1.1,-12.0,20.52,195.44,0.0,0.1,12371.986067779424
2000-01-01 15:25:11,GPS Time :2025-10-5 9:6,25.427233,76.554512,14765.5,1.37,-12.03,20.46,196.66,0.0,0.1,12331.308334010986
2000-01-01 15:25:18,GPS Time :2025-10-5 9:6,25.427233,76.554512,14765.5,1.18,-12.03,20.14,197.86,0.0,0.1,12291.496310984588
2000-01-01 15:25:26,GPS Time :2025-10-5 9:6,25.427233,76.554512,14765.5,1.28,-12.07,20.09,198.97,0.0,0.1,12254.84389057021
2000-01-01 15:25:33,GPS Time :2025-10-5 9:7,25.427233,76.554512,14765.5,1.24,-12.09,20.13,200.09,0.0,0.1,12218.028708505744
2000-01-01 15:25:41,GPS Time :2025-10-5 9:7,25.427233,76.554512,14765.5,1.47,-12.1,20.59,201.26,0.0,0.1,12179.747776335118
2000-01-01 15:25:48,GPS Time :2025-10-5 9:7,25.427233,76.554512,14765.5,1.07,-12.07,20.47,202.4,0.0,0.1,12142.621353188122
2000-01-01 15:25:55,GPS Time :2025-10-5 9:7,25.427233,76.554512,14765.5,1.6,-12.07,20.53,203.46,0.0,0.1,12108.25191021726
2000-01-01 15:26:03,GPS Time :2025-10-5 9:7,25.427233,76.554512,14765.5,1.33,-12.13,20.35,204.64,0.0,0.1,12070.161719038924
2000-01-01 15:26:11,GPS Time :2025-10-5 9:7,25.427233,76.554512,14765.5,1.21,-12.13,20.59,205.74,0.0,0.1,12034.81375746109
2000-01-01 15:26:18,GPS Time :2025-10-5 9:7,25.427233,76.554512,14765.5,1.3,-12.1,20.88,206.9,0.0,0.1,11997.703127742716
2000-01-01 15:26:26,GPS Time :2025-10-5 9:8,25.427233,76.554512,14765.5,1.38,-12.1,20.86,208.16,0.0,0.1,11957.58371724079
2000-01-01 15:26:34,GPS Time :2025-10-5 9:8,25.427233,76.554512,14765.5,1.62,-12.1,20.74,209.39,0.0,0.1,11918.608767005831
2000-01-01 15:26:41,GPS Time :2025-10-5 9:8,25.427233,76.554512,14765.5,1.27,-12.12,20.22,210.61,0.0,0.1,11880.133399331395
2000-01-01 15:26:48,GPS Time :2025-10-5 9:8,25.427233,76.554512,14765.5,1.56,-12.12,21.02,211.76,0.0,0.1,11844.030526030747
2000-01-01 15:26:56,GPS Time :2025-10-5 9:8,25.427233,76.554512,14765.5,1.82,-12.13,21.19,213.01,0.0,0.1,11804.96790378309
2000-01-01 15:27:03,GPS Time :2025-10-5 9:8,25.427233,76.554512,14765.5,1.29,-12.14,21.23,214.36,0.0,0.1,11762.988214482402
2000-01-01 15:27:11,GPS Time :2025-10-5 9:8,25.427233,76.554512,14765.5,1.3,-12.12,21.21,215.6,0.0,0.0,11724.617305532223
2000-01-01 15:27:18,GPS Time :2025-10-5 9:8,25.427233,76.554512,14765.5,1.56,-12.1,21.33,216.79,0.0,0.0,11687.961287653157
2000-01-01 15:27:26,GPS Time :2025-10-5 9:8,25.427233,76.554512,14765.5,0.8,-12.09,21.33,218.25,0.0,0.0,11643.210283442502
2000-01-01 15:27:33,GPS Time :2025-10-5 9:9,25.492507,76.682455,12048.5,1.31,-12.08,21.4,219.61,0.0,0.0,11601.74197079211
2000-01-01 15:27:41,GPS Time :2025-10-5 9:9,25.492507,76.682455,12048.5,1.69,-12.12,21.21,220.99,0.0,0.0,11559.875852691237
2000-01-01 15:27:48,GPS Time :2025-10-5 9:9,25.493899,76.684269,11963.5,1.72,-12.1,21.39,222.23,0.0,0.0,11522.43721633404
2000-01-01 15:27:56,GPS Time :2025-10-5 9:9,25.493899,76.684269,11963.5,0.99,-12.09,21.43,223.67,0.0,0.0,11479.171787972866
2000-01-01 15:28:03,GPS Time :2025-10-5 9:9,25.495313,76.685995,11881.2,1.51,-12.1,21.43,225.02,0.0,0.0,11438.81482117472
2000-01-01 15:28:11,GPS Time :2025-10-5 9:9,25.495923,76.686973,11841.4,1.2,-12.11,21.62,226.37,0.0,0.0,11398.653444069747
2000-01-01 15:28:18,GPS Time :2025-10-5 9:9,25.49662,76.687946,11798.4,1.31,-12.11,21.82,227.7,0.0,0.0,11359.276265733726
2000-01-01 15:28:25,GPS Time :2025-10-5 9:10,25.49717,76.688914,11762.4,1.0,-12.08,21.82,229.04,0.0,0.0,11319.790927125365
2000-01-01 15:28:33,GPS Time :2025-10-5 9:10,25.497787,76.690073,11717.9,1.29,-12.08,21.43,230.35,0.0,0.0,11281.370007471733
2000-01-01 15:28:40,GPS Time :2025-10-5 9:10,25.49835,76.691023,11680.5,1.52,-12.06,21.92,231.69,0.0,0.0,11242.25184612756
2000-01-01 15:28:48,GPS Time :2025-10-5 9:10,25.498928,76.692239,11680.5,1.47,-12.05,21.86,233.1,0.0,0.0,11201.287514515705
2000-01-01 15:28:55,GPS Time :2025-10-5 9:10,25.499417,76.693414,11599.0,0.97,-12.07,21.93,234.65,0.0,0.0,11156.486683050365
2000-01-01 15:29:03,GPS Time :2025-10-5 9:10,25.499417,76.693414,11599.0,1.77,-12.08,22.16,236.55,0.0,0.0,11101.895294124513
2000-01-01 15:29:11,GPS Time :2025-10-5 9:10,25.500446,76.695691,11498.5,1.88,-12.09,22.24,238.35,0.0,0.0,11050.50369588752
2000-01-01 15:29:19,GPS Time :2025-10-5 9:10,25.500984,76.696895,11440.8,1.19,-12.08,22.05,240.29,0.0,0.0,10995.465675917827
2000-01-01 15:29:26,GPS Time :2025-10-5 9:11,25.5015,76.69806,11440.8,0.6,-12.07,21.85,242.17,0.0,0.0,10942.472106115165
2000-01-01 15:29:34,GPS Time :2025-10-5 9:11,25.5015,76.69806,11440.8,0.37,-12.07,21.89,243.96,0.0,0.0,10892.324163754927
2000-01-01 15:29:41,GPS Time :2025-10-5 9:11,25.502359,76.700189,11279.7,1.36,-12.07,22.33,245.76,0.0,0.0,10842.195629080756
2000-01-01 15:29:49,GPS Time :2025-10-5 9:11,25.502807,76.701054,11232.7,1.42,-12.06,22.38,247.45,0.0,0.0,10795.400393110775
2000-01-01 15:29:56,GPS Time :2025-10-5 9:11,25.503332,76.702098,11181.8,0.65,-12.06,22.43,249.01,0.0,0.0,10752.433936780806
2000-01-01 15:30:04,GPS Time :2025-10-5 9:11,25.503693,76.702978,11139.6,1.87,-12.05,22.25,250.65,0.0,0.0,10707.49846114939
2000-01-01 15:30:11,GPS Time :2025-10-5 9:11,25.504175,76.703982,11090.8,0.33,-12.05,22.09,252.31,0.0,0.0,10662.256798989714
2000-01-01 15:30:18,GPS Time :2025-10-5 9:11,25.50449,76.704913,11048.1,1.77,-12.05,23.0,253.89,0.0,0.0,10619.418796855021
2000-01-01 15:30:26,GPS Time :2025-10-5 9:12,25.504887,76.705828,11048.1,0.52,-12.04,23.18,255.45,0.0,0.1,10577.334322419878
2000-01-01 15:30:33,GPS Time :2025-10-5 9:12,25.505261,76.706736,10959.9,0.67,-12.04,23.33,257.01,0.0,0.1,10535.457452435634
2000-01-01 15:30:41,GPS Time :2025-10-5 9:12,25.505592,76.707665,10959.9,0.26,-12.03,23.3,258.75,0.0,0.1,10488.990768173662
2000-01-01 15:30:48,GPS Time :2025-10-5 9:12,25.505912,76.70845,10870.4,0.94,-12.01,23.35,260.42,0.0,0.1,10444.630795617259
2000-01-01 15:30:56,GPS Time :2025-10-5 9:12,25.505912,76.70845,10870.4,0.4,-12.0,23.64,262.03,0.0,0.1,10402.08215149832
2000-01-01 15:31:03,GPS Time :2025-10-5 9:12,25.506468,76.710317,10778.5,0.31,-11.99,23.45,263.79,0.0,0.1,10355.810872733087
2000-01-01 15:31:11,GPS Time :2025-10-5 9:12,25.506468,76.710317,10778.5,0.48,-11.98,23.62,265.51,0.0,0.1,10310.832124177396
2000-01-01 15:31:18,GPS Time :2025-10-5 9:13,25.507268,76.71278,10643.5,1.32,-11.97,23.73,267.17,0.0,0.1,10267.645596027276
2000-01-01 15:31:26,GPS Time :2025-10-5 9:13,25.507268,76.71278,10643.5,0.27,-11.95,23.39,268.86,0.0,0.1,10223.901227963534
2000-01-01 15:31:33,GPS Time :2025-10-5 9:13,25.507612,76.713634,10595.8,0.76,-11.94,23.93,270.46,0.0,0.2,10182.69115552039
2000-01-01 15:31:41,GPS Time :2025-10-5 9:13,25.507901,76.714424,10555.2,0.67,-11.91,23.6,272.13,0.0,0.2,10139.888170046379
2000-01-01 15:31:48,GPS Time :2025-10-5 9:13,25.508132,76.715278,10555.2,0.24,-11.88,24.41,273.85,0.0,0.2,10096.025437987684
2000-01-01 15:31:56,GPS Time :2025-10-5 9:13,25.508132,76.715278,10555.2,0.94,-11.85,24.21,275.51,0.0,0.2,10053.903844817341
2000-01-01 15:32:04,GPS Time :2025-10-5 9:13,25.508597,76.717134,10422.0,0.53,-11.85,24.37,277.32,0.0,0.2,10008.209647474667
2000-01-01 15:32:11,GPS Time :2025-10-5 9:13,25.508779,76.718127,10376.1,1.85,-11.8,24.43,278.95,0.0,0.2,9967.265834341206
2000-01-01 15:32:19,GPS Time :2025-10-5 9:13,25.509007,76.719061,10376.1,0.74,-11.78,24.51,280.62,0.0,0.2,9925.517702735046
2000-01-01 15:32:26,GPS Time :2025-10-5 9:14,25.509237,76.719986,10291.8,0.81,-11.76,24.68,282.19,0.0,0.2,9886.452535851415
2000-01-01 15:32:34,GPS Time :2025-10-5 9:14,25.509237,76.719986,10291.8,1.8,-11.73,24.81,283.82,0.0,0.2,9846.080209412958
2000-01-01 15:32:41,GPS Time :2025-10-5 9:14,25.509704,76.721768,10207.7,0.54,-11.72,24.91,285.61,0.0,0.2,9801.960687335946
2000-01-01 15:32:49,GPS Time :2025-10-5 9:14,25.509704,76.721768,10207.7,0.44,-11.69,24.99,287.34,0.0,0.2,9759.532300645029
2000-01-01 15:32:56,GPS Time :2025-10-5 9:14,25.510257,76.72357,10120.8,0.91,-11.66,25.0,289.2,0.0,0.2,9714.145789809745
2000-01-01 15:33:04,GPS Time :2025-10-5 9:14,25.510257,76.72357,10120.8,1.38,-11.63,25.04,291.22,0.0,0.2,9665.122033830658
2000-01-01 15:33:11,GPS Time :2025-10-5 9:14,25.511399,76.726084,9978.6,1.69,-11.61,25.08,293.07,0.0,0.3,9620.465024696394
2000-01-01 15:33:19,GPS Time :2025-10-5 9:14,25.511399,76.726084,9978.6,0.4,-11.56,25.08,295.12,0.0,0.3,9571.24606890811
2000-01-01 15:33:26,GPS Time :2025-10-5 9:15,25.511743,76.726991,9926.8,1.45,-11.54,25.39,297.07,0.0,0.3,9524.684298809625
2000-01-01 15:33:34,GPS Time :2025-10-5 9:15,25.512049,76.727825,9881.7,1.22,-11.52,25.14,299.02,0.0,0.3,9478.369372163905
2000-01-01 15:33:41,GPS Time :2025-10-5 9:15,25.512653,76.729574,9829.5,1.0,-11.48,25.24,301.06,0.0,0.3,9430.177871974987
2000-01-01 15:33:48,GPS Time :2025-10-5 9:15,25.512653,76.729574,9783.8,0.39,-11.45,25.2,302.94,0.0,0.3,9385.999668396287
2000-01-01 15:33:56,GPS Time :2025-10-5 9:15,25.512948,76.730535,9783.8,1.44,-11.41,25.25,304.8,0.0,0.3,9342.509389321116
2000-01-01 15:34:03,GPS Time :2025-10-5 9:15,25.513198,76.731309,9694.3,1.2,-11.39,25.25,306.55,0.0,0.3,9301.786897001783
2000-01-01 15:34:11,GPS Time :2025-10-5 9:15,25.513509,76.732293,9694.3,0.57,-11.35,25.49,308.39,0.0,0.3,9259.172624275318
2000-01-01 15:34:18,GPS Time :2025-10-5 9:15,25.5137,76.733151,9606.6,0.36,-11.31,25.52,310.2,0.0,0.3,9217.45356176485
2000-01-01 15:34:26,GPS Time :2025-10-5 9:15,25.5137,76.733151,9606.6,1.02,-11.28,25.45,312.11,0.0,0.3,9173.642794721396
2000-01-01 15:34:34,GPS Time :2025-10-5 9:16,25.514305,76.734924,9518.4,0.41,-11.24,25.64,314.05,0.0,0.3,9129.36558785682
2000-01-01 15:34:41,GPS Time :2025-10-5 9:16,25.514579,76.735871,9471.7,1.53,-11.19,25.88,315.92,0.0,0.3,9086.895162321978
2000-01-01 15:34:49,GPS Time :2025-10-5 9:16,25.514579,76.735871,9471.7,0.73,-11.16,25.79,317.75,0.0,0.3,9045.529826338176
2000-01-01 15:34:56,GPS Time :2025-10-5 9:16,25.515314,76.737509,9384.2,0.6,-11.11,25.9,319.6,0.0,0.3,9003.908037612504
2000-01-01 15:35:04,GPS Time :2025-10-5 9:16,25.515314,76.737509,9384.2,0.26,-11.06,26.09,321.57,0.0,0.3,8959.800398911411
2000-01-01 15:35:11,GPS Time :2025-10-5 9:16,25.516519,76.739566,9256.2,0.66,-11.0,26.38,323.47,0.0,0.3,8917.466839366769
2000-01-01 15:35:19,GPS Time :2025-10-5 9:16,25.516519,76.739566,9256.2,0.8,-10.97,26.25,325.33,0.0,0.3,8876.219110023743
2000-01-01 15:35:26,GPS Time :2025-10-5 9:17,25.516974,76.740247,9209.7,0.88,-10.91,26.35,327.29,0.0,0.3,8832.95988848419
2000-01-01 15:35:34,GPS Time :2025-10-5 9:17,25.51752,76.740803,9169.1,0.44,-10.88,26.57,329.13,0.0,0.3,8792.539681372931
2000-01-01 15:35:41,GPS Time :2025-10-5 9:17,25.518585,76.741948,9169.1,1.2,-10.82,26.7,331.08,0.0,0.3,8749.902279433612
2000-01-01 15:35:48,GPS Time :2025-10-5 9:17,25.518585,76.741948,9083.2,1.43,-10.78,26.81,332.98,0.0,0.3,8708.553299735124
2000-01-01 15:35:56,GPS Time :2025-10-5 9:17,25.518585,76.741948,9083.2,0.65,-10.71,27.07,334.97,0.0,0.3,8665.450027837327
2000-01-01 15:36:03,GPS Time :2025-10-5 9:17,25.519686,76.743213,8994.7,0.5,-10.66,27.3,337.14,0.0,0.3,8618.68366730719
2000-01-01 15:36:11,GPS Time :2025-10-5 9:17,25.520239,76.743924,8994.7,0.35,-10.6,27.49,339.3,0.0,0.4,8572.374266791758
2000-01-01 15:36:19,GPS Time :2025-10-5 9:17,25.520654,76.744584,8899.5,0.36,-10.55,27.77,341.43,0.0,0.4,8526.941243705283
2000-01-01 15:36:26,GPS Time :2025-10-5 9:17,25.520654,76.744584,8899.5,0.37,-10.5,28.0,343.69,0.0,0.4,8478.985582140966
2000-01-01 15:36:33,GPS Time :2025-10-5 9:18,25.521683,76.746076,8804.1,0.41,-10.44,28.29,345.87,0.0,0.4,8432.968817075074
2000-01-01 15:36:41,GPS Time :2025-10-5 9:18,25.522244,76.746869,8804.1,0.5,-10.39,28.38,348.06,0.0,0.4,8386.97684889165
2000-01-01 15:36:49,GPS Time :2025-10-5 9:18,25.522702,76.747502,8710.3,0.54,-10.33,29.18,350.29,0.0,0.4,8340.38501251009
2000-01-01 15:36:56,GPS Time :2025-10-5 9:18,25.523202,76.748236,8660.7,0.84,-10.26,29.09,352.49,0.0,0.4,8294.65474440973
2000-01-01 15:37:04,GPS Time :2025-10-5 9:18,25.523583,76.748787,8616.8,0.82,-10.22,29.48,354.74,0.0,0.4,8248.123593843842
2000-01-01 15:37:12,GPS Time :2025-10-5 9:18,25.523993,76.749409,8565.9,1.1,-10.15,29.81,357.06,0.0,0.4,8200.394398392864
2000-01-01 15:37:19,GPS Time :2025-10-5 9:19,25.524728,76.750541,8565.9,1.29,-10.11,30.23,359.37,0.0,0.4,8153.119791108988
2000-01-01 15:37:27,GPS Time :2025-10-5 9:19,25.524728,76.750541,8471.5,1.41,-10.05,30.54,361.61,0.0,0.4,8107.512167551887
2000-01-01 15:37:34,GPS Time :2025-10-5 9:19,25.525042,76.751251,8422.7,1.53,-9.97,30.82,363.81,0.0,0.4,8062.941109684399
2000-01-01 15:37:42,GPS Time :2025-10-5 9:19,25.525042,76.751251,8422.7,1.36,-9.91,31.08,366.06,0.0,0.4,8017.5822578858915
2000-01-01 15:37:49,GPS Time :2025-10-5 9:19,25.52552,76.752697,8330.8,0.29,-9.86,31.34,368.24,0.0,0.4,7973.849401149359
2000-01-01 15:37:57,GPS Time :2025-10-5 9:19,25.525711,76.753523,8330.8,1.45,-9.79,31.46,370.54,0.0,0.4,7927.935925127626
2000-01-01 15:38:05,GPS Time :2025-10-5 9:19,25.525895,76.754271,8240.3,1.35,-9.73,30.86,372.74,0.0,0.4,7884.234129709708
2000-01-01 15:38:12,GPS Time :2025-10-5 9:19,25.526072,76.755112,8240.3,1.3,-9.65,31.47,375.1,0.0,0.4,7837.585621193999
2000-01-01 15:38:20,GPS Time :2025-10-5 9:19,25.526262,76.75588,8148.2,1.02,-9.59,30.95,377.42,0.0,0.4,7791.9588516560125
2000-01-01 15:38:27,GPS Time :2025-10-5 9:20,25.526713,76.757523,8098.6,0.75,-9.53,30.63,379.67,0.0,0.4,7747.925179663924
2000-01-01 15:38:34,GPS Time :2025-10-5 9:20,25.526713,76.757523,8055.2,0.51,-9.47,30.57,381.94,0.0,0.4,7703.713718399671
2000-01-01 15:38:41,GPS Time :2025-10-5 9:20,25.526957,76.758398,8055.2,0.4,-9.42,30.51,384.25,0.0,0.4,7658.9411012367855
2000-01-01 15:38:48,GPS Time :2025-10-5 9:20,25.527146,76.759178,8055.2,0.54,-9.35,30.2,386.49,0.0,0.4,7615.732901232603
2000-01-01 15:38:56,GPS Time :2025-10-5 9:20,25.527363,76.75994,7919.0,1.21,-9.29,30.03,388.71,0.0,0.4,7573.11010759456
2000-01-01 15:39:03,GPS Time :2025-10-5 9:20,25.528033,76.761527,7875.7,1.59,-9.22,29.79,391.02,0.0,0.4,7528.96812325521
2000-01-01 15:39:09,GPS Time :2025-10-5 9:20,25.528033,76.761527,7832.0,1.62,-9.12,29.9,393.27,0.0,0.4,7486.175232509352
2000-01-01 15:39:16,GPS Time :2025-10-5 9:20,25.528414,76.762383,7788.5,0.59,-9.06,29.56,395.32,0.0,0.4,7447.358415166494
2000-01-01 15:39:23,GPS Time :2025-10-5 9:21,25.52874,76.763223,7746.3,0.44,-9.0,29.78,397.55,0.0,0.4,7405.317952382946
2000-01-01 15:39:30,GPS Time :2025-10-5 9:21,25.529077,76.764027,7703.8,1.09,-8.96,29.85,399.71,0.0,0.4,7364.77881737496
2000-01-01 15:39:37,GPS Time :2025-10-5 9:21,25.529428,76.764802,7661.5,0.31,-8.89,29.73,401.84,0.0,0.4,7324.976074755125
2000-01-01 15:39:44,GPS Time :2025-10-5 9:21,25.529763,76.765615,7619.4,0.96,-8.83,29.76,404.02,0.0,0.4,7284.415513175695
2000-01-01 15:39:50,GPS Time :2025-10-5 9:21,25.530044,76.766532,7619.4,0.52,-8.75,30.17,406.13,0.0,0.4,7245.325785067683
2000-01-01 15:39:57,GPS Time :2025-10-5 9:21,25.530219,76.767379,7540.9,1.69,-8.69,30.82,408.29,0.0,0.4,7205.479736940151
2000-01-01 15:40:04,GPS Time :2025-10-5 9:21,25.530464,76.768357,7497.8,1.34,-8.63,31.57,410.47,0.0,0.4,7165.4374488729445
2000-01-01 15:40:10,GPS Time :2025-10-5 9:21,25.530704,76.76936,7497.8,0.44,-8.54,31.93,412.67,0.0,0.4,7125.202009140989
2000-01-01 15:40:17,GPS Time :2025-10-5 9:21,25.530704,76.76936,7497.8,1.2,-8.47,32.44,414.9,0.0,0.4,7084.594782499215
2000-01-01 15:40:24,GPS Time :2025-10-5 9:22,25.531125,76.771232,7376.2,1.66,-8.39,33.03,417.13,0.0,0.4,7044.163911190294
2000-01-01 15:40:31,GPS Time :2025-10-5 9:22,25.5314,76.772207,7333.7,0.58,-8.33,33.58,419.31,0.0,0.4,7004.808396489613
2000-01-01 15:40:37,GPS Time :2025-10-5 9:22,25.531594,76.773185,7333.7,0.63,-8.27,34.13,421.42,0.0,0.4,6966.874069651815
2000-01-01 15:40:44,GPS Time :2025-10-5 9:22,25.531594,76.773185,7333.7,1.32,-8.21,34.64,423.7,0.0,0.4,6926.055921790526
2000-01-01 15:40:51,GPS Time :2025-10-5 9:22,25.531893,76.774912,7214.2,1.12,-8.13,35.17,425.8,0.0,0.4,6888.617316186625
2000-01-01 15:40:58,GPS Time :2025-10-5 9:22,25.532078,76.775874,7172.4,0.41,-8.06,35.62,428.02,0.0,0.4,6849.201590906619
2000-01-01 15:41:04,GPS Time :2025-10-5 9:22,25.532078,76.775874,7172.4,1.18,-7.98,35.98,430.24,0.0,0.4,6809.951067560459
2000-01-01 15:41:11,GPS Time :2025-10-5 9:22,25.532373,76.777545,7096.0,1.73,-7.92,36.17,432.4,0.0,0.4,6771.918469584739
2000-01-01 15:41:18,GPS Time :2025-10-5 9:22,25.532628,76.778382,7055.1,0.59,-7.85,36.42,434.47,0.0,0.4,6735.614655808336
2000-01-01 15:41:25,GPS Time :2025-10-5 9:23,25.532901,76.779259,7015.1,0.57,-7.78,37.04,436.63,0.0,0.4,6697.88144154118
2000-01-01 15:41:31,GPS Time :2025-10-5 9:23,25.532901,76.779259,7015.1,1.68,-7.69,37.15,438.87,0.0,0.4,6658.910023612363
2000-01-01 15:41:38,GPS Time :2025-10-5 9:23,25.533363,76.780818,6940.1,1.09,-7.6,37.94,441.01,0.0,0.4,6621.82855993157
2000-01-01 15:41:45,GPS Time :2025-10-5 9:23,25.533646,76.781686,6901.3,0.43,-7.53,38.38,443.15,0.0,0.4,6584.892520650207
2000-01-01 15:41:51,GPS Time :2025-10-5 9:23,25.5339,76.782487,6901.3,1.35,-7.47,39.21,445.22,0.0,0.4,6549.301842576495
2000-01-01 15:41:58,GPS Time :2025-10-5 9:23,25.5339,76.782487,6901.3,1.56,-7.4,40.06,447.41,0.0,0.4,6511.793514592256
2000-01-01 15:42:05,GPS Time :2025-10-5 9:23,25.534512,76.7838,6790.6,0.55,-7.33,40.69,449.53,0.0,0.4,6475.625437413016
2000-01-01 15:42:12,GPS Time :2025-10-5 9:23,25.53482,76.78451,6752.0,1.07,-7.24,41.17,451.57,0.0,0.4,6440.952362997333
2000-01-01 15:42:18,GPS Time :2025-10-5 9:23,25.535093,76.785129,6752.0,1.17,-7.16,42.2,453.63,0.0,0.4,6406.067831953877
2000-01-01 15:42:25,GPS Time :2025-10-5 9:23,25.535093,76.785129,6752.0,1.23,-7.08,42.05,455.43,0.0,0.4,6375.691063628567
2000-01-01 15:42:32,GPS Time :2025-10-5 9:24,25.535557,76.786194,6650.0,1.19,-6.99,42.21,457.57,0.0,0.4,6339.702703588144
2000-01-01 15:42:39,GPS Time :2025-10-5 9:24,25.535824,76.78681,6614.6,0.47,-6.93,42.43,459.54,0.0,0.4,6306.6935169952685
2000-01-01 15:42:45,GPS Time :2025-10-5 9:24,25.535824,76.78681,6614.6,0.3,-6.85,42.64,461.64,0.0,0.4,6271.632000759162
2000-01-01 15:42:52,GPS Time :2025-10-5 9:24,25.53622,76.787943,6547.2,0.53,-6.77,43.0,463.6,0.0,0.4,6239.02425313795
2000-01-01 15:42:59,GPS Time :2025-10-5 9:24,25.536425,76.788637,6514.1,1.68,-6.71,43.39,465.39,0.0,0.4,6209.3421143365385
2000-01-01 15:43:06,GPS Time :2025-10-5 9:24,25.536699,76.789225,6481.3,0.71,-6.63,43.89,467.22,0.0,0.4,6179.092103987381
2000-01-01 15:43:12,GPS Time :2025-10-5 9:24,25.536699,76.789225,6481.3,1.18,-6.55,44.48,469.1,0.0,0.4,6148.115338922222
2000-01-01 15:43:19,GPS Time :2025-10-5 9:24,25.537156,76.790438,6420.8,1.07,-6.49,44.15,471.09,0.0,0.4,6115.4354358268265
2000-01-01 15:43:26,GPS Time :2025-10-5 9:25,25.537323,76.79099,6386.9,0.82,-6.4,44.79,473.09,0.0,0.3,6082.703750873529
2000-01-01 15:43:32,GPS Time :2025-10-5 9:25,25.537565,76.791544,6353.9,1.47,-6.34,44.19,474.85,0.0,0.4,6053.9924278248245
2000-01-01 15:43:39,GPS Time :2025-10-5 9:25,25.537565,76.791544,6353.9,0.63,-6.26,44.17,476.81,0.0,0.4,6022.119695926384
2000-01-01 15:43:46,GPS Time :2025-10-5 9:25,25.537839,76.792533,6294.3,1.29,-6.19,43.44,478.51,0.0,0.4,5994.560783007738
2000-01-01 15:43:53,GPS Time :2025-10-5 9:25,25.538081,76.79302,6264.4,1.34,-6.11,42.74,480.34,0.0,0.4,5964.982892445929
2000-01-01 15:43:59,GPS Time :2025-10-5 9:25,25.538244,76.793496,6264.4,0.6,-6.03,42.14,482.07,0.0,0.4,5937.105068720155
2000-01-01 15:44:06,GPS Time :2025-10-5 9:25,25.538244,76.793496,6264.4,1.64,-5.97,41.3,483.99,0.0,0.4,5906.260207762782
2000-01-01 15:44:13,GPS Time :2025-10-5 9:25,25.538789,76.794304,6175.2,0.54,-5.89,40.82,485.98,0.0,0.4,5874.395188969258
2000-01-01 15:44:20,GPS Time :2025-10-5 9:25,25.539078,76.794768,6141.3,1.66,-5.82,40.17,487.99,0.0,0.4,5842.316998036042
2000-01-01 15:44:26,GPS Time :2025-10-5 9:26,25.539303,76.79513,6141.3,0.58,-5.73,39.75,490.01,0.0,0.4,5810.18682774132
2000-01-01 15:44:33,GPS Time :2025-10-5 9:26,25.539303,76.79513,6141.3,0.71,-5.65,38.59,491.95,0.0,0.4,5779.4299506902125
2000-01-01 15:44:40,GPS Time :2025-10-5 9:26,25.539723,76.795928,6046.5,0.65,-5.58,38.38,494.01,0.0,0.4,5746.877917860299
2000-01-01 15:44:47,GPS Time :2025-10-5 9:26,25.53995,76.796404,6012.8,1.47,-5.49,37.48,495.96,12.0,0.3,5716.165215637419
2000-01-01 15:44:53,GPS Time :2025-10-5 9:26,25.54025,76.796755,6012.8,1.29,-5.41,36.7,497.8,0.0,0.4,5687.274560848455
2000-01-01 15:45:00,GPS Time :2025-10-5 9:26,25.54025,76.796755,6012.8,0.9,-5.35,36.3,499.75,24.0,0.3,5656.750977096342
2000-01-01 15:45:07,GPS Time :2025-10-5 9:26,25.540742,76.797503,5921.7,0.32,-5.27,35.91,501.59,48.0,0.4,5628.037547354281
2000-01-01 15:45:14,GPS Time :2025-10-5 9:26,25.540982,76.797791,5892.3,0.48,-5.19,35.59,503.5,180.0,0.4,5598.321841014516
2000-01-01 15:45:20,GPS Time :2025-10-5 9:26,25.540982,76.797791,5892.3,1.67,-5.12,35.26,505.67,132.0,0.4,5564.6716273613865
2000-01-01 15:45:27,GPS Time :2025-10-5 9:26,25.540982,76.797791,5892.3,0.74,-5.05,34.91,507.81,168.0,0.3,5531.600951511486
2000-01-01 15:45:34,GPS Time :2025-10-5 9:27,25.541675,76.79883,5794.3,1.64,-4.98,34.22,509.85,300.0,0.3,5500.180536066033
2000-01-01 15:45:41,GPS Time :2025-10-5 9:27,25.541884,76.799127,5760.6,0.61,-4.89,33.74,512.01,264.0,0.3,5467.0226290151295
2000-01-01 15:45:47,GPS Time :2025-10-5 9:27,25.541884,76.799127,5760.6,0.32,-4.81,33.41,514.03,528.0,0.3,5436.116186622336
2000-01-01 15:45:54,GPS Time :2025-10-5 9:27,25.542304,76.799776,5697.8,0.55,-4.74,33.26,516.1,624.0,0.3,5404.546598010181
2000-01-01 15:46:01,GPS Time :2025-10-5 9:27,25.542463,76.800172,5664.4,1.16,-4.66,32.98,518.1,960.0,0.3,5374.141822678358
2000-01-01 15:46:08,GPS Time :2025-10-5 9:27,25.542686,76.800491,5633.5,1.39,-4.58,32.6,520.07,1356.0,0.3,5344.285893482216
2000-01-01 15:46:14,GPS Time :2025-10-5 9:27,25.542686,76.800491,5633.5,0.7,-4.5,32.7,521.97,2088.0,0.3,5315.577465906829
2000-01-01 15:46:21,GPS Time :2025-10-5 9:27,25.542967,76.801137,5576.2,1.66,-4.41,32.22,523.95,2556.0,0.3,5285.750163374547
2000-01-01 15:46:28,GPS Time :2025-10-5 9:28,25.543195,76.801434,5543.6,0.72,-4.33,31.57,526.14,2796.0,0.3,5252.865481491522
2000-01-01 15:46:35,GPS Time :2025-10-5 9:28,25.543331,76.801796,5510.0,1.17,-4.21,31.21,528.28,3972.0,0.3,5220.83849210269
2000-01-01 15:46:41,GPS Time :2025-10-5 9:28,25.543331,76.801796,5510.0,1.14,-4.16,30.99,530.35,4008.0,0.3,5189.958919093856
2000-01-01 15:46:48,GPS Time :2025-10-5 9:28,25.54365,76.802408,5448.3,0.8,-4.07,30.73,532.47,5304.0,0.3,5158.434461127745
2000-01-01 15:46:55,GPS Time :2025-10-5 9:28,25.543852,76.802804,5415.4,1.64,-4.0,30.44,534.64,6024.0,0.3,5126.271588188803
2000-01-01 15:47:01,GPS Time :2025-10-5 9:28,25.543975,76.803097,5382.5,0.9,-3.93,30.42,536.51,5808.0,0.3,5098.639884396596
2000-01-01 15:47:08,GPS Time :2025-10-5 9:28,25.543975,76.803097,5382.5,1.24,-3.85,29.88,538.62,6588.0,0.3,5067.555354791563
2000-01-01 15:47:14,GPS Time :2025-10-5 9:28,25.544279,76.803805,5324.6,1.64,-3.77,29.65,540.44,6840.0,0.3,5040.822216725454
2000-01-01 15:47:21,GPS Time :2025-10-5 9:29,25.544382,76.804144,5324.6,0.62,-3.7,29.05,542.5,6516.0,0.3,5010.651642672602
2000-01-01 15:47:27,GPS Time :2025-10-5 9:29,25.544482,76.804521,5267.0,1.5,-3.61,29.41,544.54,7824.0,0.3,4980.865274011239
2000-01-01 15:47:34,GPS Time :2025-10-5 9:29,25.544482,76.804521,5267.0,1.08,-3.54,29.13,546.74,7596.0,0.3,4948.843818813152
2000-01-01 15:47:40,GPS Time :2025-10-5 9:29,25.544738,76.805367,5203.0,0.76,-3.45,28.88,548.91,8100.0,0.3,4917.361072169342
2000-01-01 15:47:46,GPS Time :2025-10-5 9:29,25.544738,76.805367,5203.0,1.62,-3.39,28.84,550.88,8496.0,0.3,4888.8671208782935
2000-01-01 15:47:52,GPS Time :2025-10-5 9:29,25.544738,76.805367,5203.0,1.21,-3.32,28.85,552.95,8160.0,0.3,4859.015541175178
2000-01-01 15:47:58,GPS Time :2025-10-5 9:29,25.545089,76.80696,5111.2,0.63,-3.24,29.47,555.07,8388.0,0.3,4828.536560672693
2000-01-01 15:48:04,GPS Time :2025-10-5 9:29,25.545251,76.807503,5082.6,1.01,-3.18,29.5,556.9,8400.0,0.3,4802.302587119921
2000-01-01 15:48:10,GPS Time :2025-10-5 9:29,25.545436,76.80799,5054.2,1.54,-3.11,29.54,558.78,8160.0,0.3,4775.424432736921
2000-01-01 15:48:16,GPS Time :2025-10-5 9:29,25.545569,76.808458,5027.5,1.61,-3.03,29.5,560.56,8304.0,0.3,4750.043372703177
2000-01-01 15:48:22,GPS Time :2025-10-5 10:30,25.545666,76.808955,5001.8,0.69,-2.96,30.07,562.57,8376.0,0.3,4721.461075794892
2000-01-01 15:48:28,GPS Time :2025-10-5 10:30,25.545777,76.809501,4973.6,0.81,-2.88,30.33,564.49,8868.0,0.3,4694.235703569323
2000-01-01 15:48:34,GPS Time :2025-10-5 10:30,25.545957,76.810005,4945.4,1.61,-2.8,30.7,566.53,8064.0,0.3,4665.390785464584
2000-01-01 15:48:40,GPS Time :2025-10-5 10:30,25.546123,76.810483,4917.6,1.46,-2.72,31.06,568.44,8580.0,0.3,4638.460163513233
2000-01-01 15:48:46,GPS Time :2025-10-5 10:30,25.546268,76.811028,4890.2,1.0,-2.66,31.34,570.14,8964.0,0.3,4614.552064049276
2000-01-01 15:48:52,GPS Time :2025-10-5 10:30,25.546448,76.81158,4864.7,0.6,-2.59,31.56,571.93,7932.0,0.3,4589.440552596028
2000-01-01 15:48:58,GPS Time :2025-10-5 10:30,25.546683,76.812108,4839.5,1.16,-2.52,31.88,573.7,8544.0,0.3,4564.672118961202
2000-01-01 15:49:04,GPS Time :2025-10-5 10:30,25.546908,76.812606,4815.5,0.38,-2.44,32.16,575.44,7824.0,0.3,4540.383732025127
2000-01-01 15:49:10,GPS Time :2025-10-5 10:30,25.547076,76.813079,4790.5,1.05,-2.37,32.71,577.4,8256.0,0.3,4513.095522971536
2000-01-01 15:49:16,GPS Time :2025-10-5 10:30,25.547224,76.813619,4763.6,0.75,-2.28,33.72,579.06,8040.0,0.3,4490.042685621488
2000-01-01 15:49:22,GPS Time :2025-10-5 10:31,25.547423,76.814162,4740.0,0.86,-2.22,33.59,580.93,8232.0,0.2,4464.137535316735
2000-01-01 15:49:28,GPS Time :2025-10-5 10:31,25.54765,76.814664,4715.3,1.32,-2.16,33.84,582.46,7944.0,0.2,4442.992590519987
2000-01-01 15:49:34,GPS Time :2025-10-5 10:31,25.547843,76.815156,4692.9,0.35,-2.07,33.98,584.13,8148.0,0.2,4419.964091713093
2000-01-01 15:49:40,GPS Time :2025-10-5 10:31,25.547997,76.815649,4669.6,0.93,-1.99,34.27,586.1,8076.0,0.3,4392.867176341436
2000-01-01 15:49:46,GPS Time :2025-10-5 10:31,25.548138,76.816225,4643.5,0.62,-1.92,35.08,587.81,7956.0,0.3,4369.406232949323
2000-01-01 15:49:52,GPS Time :2025-10-5 10:31,25.548347,76.816801,4619.7,1.36,-1.84,34.96,589.62,8544.0,0.3,4344.633437754506
2000-01-01 15:49:58,GPS Time :2025-10-5 10:31,25.548562,76.817333,4594.6,1.29,-1.79,36.18,591.31,8136.0,0.3,4321.558568009368
2000-01-01 15:50:04,GPS Time :2025-10-5 10:31,25.548741,76.817887,4572.8,1.56,-1.71,36.23,592.73,7908.0,0.3,4302.211467393926
2000-01-01 15:50:10,GPS Time :2025-10-5 10:31,25.548892,76.818443,4552.4,1.24,-1.59,37.4,594.49,7692.0,0.2,4278.28398302241
2000-01-01 15:50:16,GPS Time :2025-10-5 10:31,25.549045,76.818992,4529.4,0.92,-1.51,38.84,596.08,7716.0,0.3,4256.716944990037
2000-01-01 15:50:22,GPS Time :2025-10-5 10:32,25.549228,76.819559,4508.3,0.8,-1.44,40.09,597.8,6684.0,0.2,4233.4389551045115
2000-01-01 15:50:28,GPS Time :2025-10-5 10:32,25.549445,76.82009,4484.2,1.43,-1.37,40.89,599.5,6612.0,0.2,4210.4848718623525
2000-01-01 15:50:34,GPS Time :2025-10-5 10:32,25.549628,76.820572,4461.9,1.57,-1.28,41.64,601.05,6192.0,0.3,4189.602041255485
2000-01-01 15:50:40,GPS Time :2025-10-5 10:32,25.549794,76.821049,4441.1,1.34,-1.23,42.3,602.63,6192.0,0.2,4168.359861957754
2000-01-01 15:50:46,GPS Time :2025-10-5 10:32,25.549923,76.821538,4419.9,0.64,-1.15,43.21,604.29,6684.0,0.2,4146.090656457359
2000-01-01 15:50:52,GPS Time :2025-10-5 10:32,25.550099,76.822053,4396.2,0.93,-1.1,43.99,606.01,6120.0,0.2,4123.068734314423
2000-01-01 15:50:58,GPS Time :2025-10-5 10:32,25.55028,76.822504,4373.4,1.52,-1.03,44.71,607.79,6480.0,0.2,4099.299367744354
2000-01-01 15:51:04,GPS Time :2025-10-5 10:32,25.550432,76.822914,4350.3,1.6,-0.97,45.3,609.22,5820.0,0.2,4080.244552767965
2000-01-01 15:51:10,GPS Time :2025-10-5 10:32,25.550563,76.823345,4330.0,1.4,-0.9,45.79,610.8,4980.0,0.2,4059.2330514389323
2000-01-01 15:51:16,GPS Time :2025-10-5 10:32,25.550686,76.823775,4309.4,0.61,-0.84,46.21,612.55,4152.0,0.2,4036.01212777696
2000-01-01 15:51:22,GPS Time :2025-10-5 10:33,25.550838,76.824239,4285.3,1.21,-0.76,46.76,614.38,4728.0,0.2,4011.787065896652
2000-01-01 15:51:28,GPS Time :2025-10-5 10:33,25.551004,76.824646,4261.7,0.52,-0.68,47.06,616.04,4728.0,0.2,3989.862908456
2000-01-01 15:51:34,GPS Time :2025-10-5 10:33,25.55111,76.82503,4240.1,1.51,-0.62,47.49,617.62,5004.0,0.2,3969.039728909198
2000-01-01 15:51:40,GPS Time :2025-10-5 10:33,25.551195,76.825444,4219.3,0.85,-0.54,48.4,619.26,4104.0,0.2,3947.471371005226
2000-01-01 15:51:46,GPS Time :2025-10-5 10:33,25.551268,76.825863,4198.0,0.74,-0.49,48.84,621.02,4308.0,0.2,3924.376234511211
2000-01-01 15:51:52,GPS Time :2025-10-5 10:33,25.551378,76.82624,4174.3,1.42,-0.41,49.19,622.8,3168.0,0.2,3901.0724995226747
2000-01-01 15:51:58,GPS Time :2025-10-5 10:33,25.551441,76.826536,4151.4,1.59,-0.33,49.58,624.41,2040.0,0.2,3880.0408096182364
2000-01-01 15:52:04,GPS Time :2025-10-5 10:33,25.551453,76.826843,4130.2,1.33,-0.27,49.75,625.99,2712.0,0.2,3859.4436648298592
2000-01-01 15:52:10,GPS Time :2025-10-5 10:33,25.55142,76.827179,4109.8,0.62,-0.2,50.54,627.7,1872.0,0.1,3837.199200192824
2000-01-01 15:52:16,GPS Time :2025-10-5 10:33,25.551417,76.82756,4087.8,1.04,-0.12,50.13,629.48,1872.0,0.1,3814.0962086284026
2000-01-01 15:52:22,GPS Time :2025-10-5 10:34,25.551474,76.827865,4064.6,1.42,-0.03,49.94,631.13,888.0,0.2,3792.727713733832
2000-01-01 15:52:28,GPS Time :2025-10-5 10:34,25.551506,76.828129,4043.6,1.58,0.05,49.47,632.61,1056.0,0.2,3773.5992738282007
2000-01-01 15:52:34,GPS Time :2025-10-5 10:34,25.55152,76.828466,4024.3,0.84,0.2,48.97,634.08,744.0,0.2,3754.635918667863
2000-01-01 15:52:40,GPS Time :2025-10-5 10:34,25.551565,76.828804,4003.8,1.12,0.27,48.28,635.95,624.0,0.2,3730.563848217613
2000-01-01 15:52:46,GPS Time :2025-10-5 10:34,25.551554,76.829094,3981.2,0.86,0.35,47.72,637.56,444.0,0.2,3709.8845721204175
2000-01-01 15:52:52,GPS Time :2025-10-5 10:34,25.551563,76.829399,3960.5,0.82,0.42,47.16,639.45,312.0,0.1,3685.662788639148
2000-01-01 15:52:58,GPS Time :2025-10-5 10:34,25.551603,76.829666,3936.9,1.32,0.48,46.64,641.15,552.0,0.2,3663.9254731166398
2000-01-01 15:53:04,GPS Time :2025-10-5 10:34,25.551619,76.829878,3914.4,1.42,0.54,46.17,642.79,300.0,0.2,3642.999542729106
2000-01-01 15:53:10,GPS Time :2025-10-5 10:34,25.551605,76.830091,3894.1,1.51,0.62,45.68,644.41,348.0,0.2,3622.3712099820823
2000-01-01 15:53:16,GPS Time :2025-10-5 10:34,25.551552,76.830304,3873.1,1.51,0.7,44.93,646.13,252.0,0.2,3600.5154342312217
2000-01-01 15:53:22,GPS Time :2025-10-5 10:35,25.551481,76.8305,3850.9,0.79,0.78,44.9,647.99,300.0,0.2,3576.9336572579587
2000-01-01 15:53:28,GPS Time :2025-10-5 10:35,25.551413,76.830739,3827.4,0.76,0.83,44.66,649.9,264.0,0.2,3552.7749362031195
2000-01-01 15:53:34,GPS Time :2025-10-5 10:35,25.551405,76.830973,3804.5,0.95,0.92,44.47,651.48,228.0,0.2,3532.8336489572025
2000-01-01 15:53:40,GPS Time :2025-10-5 10:35,25.551398,76.831168,3783.8,0.9,0.98,44.54,653.09,204.0,0.2,3512.5539744419534
2000-01-01 15:53:46,GPS Time :2025-10-5 10:35,25.551369,76.831344,3763.3,1.01,1.06,44.36,654.82,192.0,0.2,3490.807843665569
2000-01-01 15:53:52,GPS Time :2025-10-5 10:35,25.551365,76.831503,3740.8,1.52,1.12,44.4,656.58,180.0,0.2,3468.7323006705365
2000-01-01 15:53:58,GPS Time :2025-10-5 10:35,25.55131,76.831612,3718.8,1.23,1.2,44.44,658.55,168.0,0.2,3444.0795073244326
2000-01-01 15:54:04,GPS Time :2025-10-5 10:35,25.551197,76.831722,3695.0,0.97,1.27,44.47,660.27,156.0,0.2,3422.6040248846566
2000-01-01 15:54:10,GPS Time :2025-10-5 10:35,25.551112,76.831852,3673.6,1.0,1.34,44.54,661.86,180.0,0.2,3402.7919469762955
2000-01-01 15:54:16,GPS Time :2025-10-5 10:35,25.551033,76.831972,3653.6,1.29,1.43,44.57,663.45,108.0,0.2,3383.0183729854302
2000-01-01 15:54:23,GPS Time :2025-10-5 10:36,25.550848,76.832107,3634.1,1.32,1.55,44.88,664.97,204.0,0.2,3364.1511785132952
2000-01-01 15:54:29,GPS Time :2025-10-5 10:36,25.550644,76.832114,3615.8,1.33,1.6,44.89,666.44,96.0,0.2,3345.9378052055295
2000-01-01 15:54:35,GPS Time :2025-10-5 10:36,25.550449,76.832091,3597.7,1.29,1.68,44.91,667.91,96.0,0.2,3327.756935016348
2000-01-01 15:54:41,GPS Time :2025-10-5 10:36,25.550033,76.832111,3579.5,1.26,1.76,44.55,669.46,120.0,0.2,3308.6216916526755
2000-01-01 15:54:47,GPS Time :2025-10-5 10:36,25.549812,76.832181,3561.1,1.32,1.84,45.13,670.94,108.0,0.2,3290.384073835265
2000-01-01 15:54:53,GPS Time :2025-10-5 10:36,25.549812,76.832181,3542.9,1.28,1.92,45.08,672.39,108.0,0.2,3272.5477033748316
2000-01-01 15:54:59,GPS Time :2025-10-5 10:36,25.549602,76.832308,3524.7,1.27,2.02,45.06,673.92,120.0,0.2,3253.760997748438
2000-01-01 15:55:05,GPS Time :2025-10-5 10:36,25.549602,76.832308,3524.7,1.24,2.07,44.98,675.41,36.0,0.2,3235.4986140955048
2000-01-01 15:55:11,GPS Time :2025-10-5 10:36,25.549602,76.832308,3524.7,1.16,2.15,45.02,676.92,72.0,0.2,3217.0243516676373
2000-01-01 15:55:17,GPS Time :2025-10-5 10:36,25.549602,76.832308,3524.7,1.34,2.21,44.93,678.37,204.0,0.2,3199.3155478269496
2000-01-01 15:55:23,GPS Time :2025-10-5 10:36,25.549602,76.832308,3524.7,1.19,2.3,44.88,679.89,144.0,0.2,3180.7847128962603
2000-01-01 15:55:29,GPS Time :2025-10-5 10:36,25.549602,76.832308,3524.7,1.19,2.38,44.72,681.45,72.0,0.2,3161.801075459075
2000-01-01 15:55:35,GPS Time :2025-10-5 10:36,25.549602,76.832308,3524.7,1.21,2.47,44.64,683.07,144.0,0.2,3142.1245093201546
2000-01-01 15:55:41,GPS Time :2025-10-5 10:36,25.549602,76.832308,3524.7,1.26,2.53,44.42,684.6,132.0,0.2,3123.5757534273803
2000-01-01 15:55:47,GPS Time :2025-10-5 10:36,25.549602,76.832308,3524.7,1.26,2.6,44.34,686.18,48.0,0.2,3104.456027860417
2000-01-01 15:55:53,GPS Time :2025-10-5 10:36,25.549602,76.832308,3524.7,1.35,2.67,44.2,687.7,108.0,0.2,3086.0959838227295
2000-01-01 15:55:59,GPS Time :2025-10-5 10:36,25.549602,76.832308,3524.7,1.33,2.74,44.24,689.36,12.0,0.2,3066.08238563384
2000-01-01 15:56:05,GPS Time :2025-10-5 10:36,25.549602,76.832308,3524.7,1.32,2.84,43.92,690.94,132.0,0.2,3047.0695155255717
2000-01-01 15:56:11,GPS Time :2025-10-5 10:36,25.549602,76.832308,3524.7,1.27,2.92,44.03,692.49,84.0,0.1,3028.4518292613648
2000-01-01 15:56:17,GPS Time :2025-10-5 10:36,25.549602,76.832308,3524.7,1.29,3.0,43.89,694.06,108.0,0.2,3009.6282840215376
2000-01-01 15:56:23,GPS Time :2025-10-5 10:36,25.549602,76.832308,3524.7,0.96,3.06,43.9,695.64,84.0,0.1,2990.7196217908477
2000-01-01 15:56:29,GPS Time :2025-10-5 10:36,25.549602,76.832308,3524.7,1.29,3.14,43.79,697.1,144.0,0.1,2973.277951179323
2000-01-01 15:56:35,GPS Time :2025-10-5 10:36,25.549602,76.832308,3524.7,1.29,3.25,43.74,698.8,60.0,0.2,2953.00639185703
2000-01-01 15:56:41,GPS Time :2025-10-5 10:38,25.546922,76.834854,3524.7,1.21,3.29,43.77,700.45,72.0,0.2,2933.3692089821852
2000-01-01 15:56:47,GPS Time :2025-10-5 10:38,25.546807,76.835195,3524.7,1.24,3.36,44.08,702.08,96.0,0.2,2914.0067984850093
2000-01-01 15:56:53,GPS Time :2025-10-5 10:38,25.546802,76.835603,3524.7,1.27,3.47,44.4,703.57,60.0,0.2,2896.339237558012
2000-01-01 15:56:59,GPS Time :2025-10-5 10:38,25.546813,76.836019,3524.7,1.32,3.53,44.98,705.17,120.0,0.2,2877.4010642798967
2000-01-01 15:57:05,GPS Time :2025-10-5 10:38,25.546762,76.836428,3524.7,1.3,3.6,45.73,706.78,48.0,0.2,2858.3796178544853
2000-01-01 15:57:11,GPS Time :2025-10-5 10:38,25.546715,76.83685,3110.0,1.3,3.67,46.34,708.38,156.0,0.2,2839.5110465036787
2000-01-01 15:57:17,GPS Time :2025-10-5 10:38,25.546641,76.83727,3091.4,1.27,3.77,47.07,709.97,132.0,0.2,2820.7945610080496
2000-01-01 15:57:23,GPS Time :2025-10-5 10:39,25.546499,76.837578,3073.0,1.23,3.82,47.43,711.61,48.0,0.2,2801.525033707449
2000-01-01 15:57:29,GPS Time :2025-10-5 10:39,25.546347,76.837821,3054.5,1.29,3.91,49.28,713.11,60.0,0.2,2783.9319282172214
2000-01-01 15:57:36,GPS Time :2025-10-5 10:39,25.546193,76.838064,3036.1,1.3,4.0,50.93,714.71,84.0,0.2,2765.198948425798
2000-01-01 15:57:42,GPS Time :2025-10-5 10:39,25.546044,76.838357,3017.5,1.34,4.07,51.47,716.52,120.0,0.2,2744.048158672404
2000-01-01 15:57:48,GPS Time :2025-10-5 10:39,25.546044,76.838357,3017.5,1.24,4.15,51.5,718.1,60.0,0.2,2725.620377204636
2000-01-01 15:57:54,GPS Time :2025-10-5 10:39,25.54572,76.838922,2977.0,1.3,4.23,52.45,719.75,72.0,0.2,2706.411189007726
2000-01-01 15:58:01,GPS Time :2025-10-5 10:39,25.545569,76.839116,2958.5,1.19,4.33,53.26,721.47,72.0,0.2,2686.4249891461955
2000-01-01 15:58:07,GPS Time :2025-10-5 10:39,25.545431,76.839259,2940.1,1.12,4.4,54.29,723.13,108.0,0.1,2667.172537334103
2000-01-01 15:58:14,GPS Time :2025-10-5 10:39,25.545431,76.839259,2940.1,1.22,4.48,55.17,724.86,24.0,0.1,2647.146281641569
2000-01-01 15:58:21,GPS Time :2025-10-5 10:39,25.545237,76.839392,2900.0,1.19,4.57,55.51,726.54,120.0,0.1,2627.735827658444
2000-01-01 15:58:27,GPS Time :2025-10-5 10:40,25.545418,76.839361,2878.6,1.12,4.64,55.65,728.42,72.0,0.2,2606.0576513057163
2000-01-01 15:58:34,GPS Time :2025-10-5 10:40,25.545418,76.839361,2860.2,1.21,4.72,56.69,730.15,48.0,0.2,2586.149108653184
2000-01-01 15:58:41,GPS Time :2025-10-5 10:40,25.545675,76.839439,2838.8,1.24,4.83,58.38,731.94,72.0,0.1,2565.5902638463654
2000-01-01 15:58:48,GPS Time :2025-10-5 10:40,25.545906,76.839686,2817.5,1.24,4.89,58.58,733.75,120.0,0.1,2544.843068411948
2000-01-01 15:58:54,GPS Time :2025-10-5 10:40,25.546005,76.840248,2777.5,1.28,5.02,59.03,735.65,84.0,0.1,2523.1087824790784
2000-01-01 15:59:01,GPS Time :2025-10-5 10:40,25.546005,76.840248,2777.5,1.26,5.09,59.39,737.52,48.0,0.2,2501.762009558564
2000-01-01 15:59:08,GPS Time :2025-10-5 10:40,25.545908,76.840399,2755.8,1.17,5.15,59.63,739.36,60.0,0.1,2480.8004357983605
2000-01-01 15:59:15,GPS Time :2025-10-5 10:40,25.54582,76.84042,2734.4,1.11,5.28,61.45,741.16,180.0,0.1,2460.3353838347125
2000-01-01 15:59:22,GPS Time :2025-10-5 10:41,25.545895,76.840316,2713.3,1.14,5.34,61.42,742.97,72.0,0.1,2439.797180514654
2000-01-01 15:59:28,GPS Time :2025-10-5 10:41,25.545895,76.840316,2713.3,1.12,5.42,61.5,744.73,96.0,0.1,2419.8651476171003
2000-01-01 15:59:35,GPS Time :2025-10-5 10:41,25.546204,76.840171,2674.0,1.19,5.51,61.86,746.59,60.0,0.1,2398.842026854751
2000-01-01 15:59:42,GPS Time :2025-10-5 10:41,25.546419,76.840235,2652.5,1.24,5.64,62.98,748.46,36.0,0.1,2377.7485903061115
2000-01-01 15:59:49,GPS Time :2025-10-5 10:41,25.546613,76.840421,2631.1,1.29,5.72,63.8,750.31,60.0,0.1,2356.922704316467
2000-01-01 15:59:55,GPS Time :2025-10-5 10:41,25.546728,76.840679,2631.1,1.23,5.81,64.62,752.16,96.0,0.1,2336.138358402305
2000-01-01 16:00:02,GPS Time :2025-10-5 10:41,25.546728,76.840679,2631.1,1.14,5.93,64.88,753.94,72.0,0.1,2316.1794871469515
2000-01-01 16:00:09,GPS Time :2025-10-5 10:41,25.546712,76.841174,2569.8,1.21,6.02,65.37,755.9,36.0,0.1,2294.246395655422
2000-01-01 16:00:16,GPS Time :2025-10-5 10:41,25.546598,76.841378,2548.2,1.23,6.11,65.57,757.81,36.0,0.1,2272.9170828385027
2000-01-01 16:00:23,GPS Time :2025-10-5 10:42,25.546416,76.841464,2526.6,1.21,6.24,66.29,759.64,24.0,0.1,2252.5219412341626
2000-01-01 16:00:29,GPS Time :2025-10-5 10:42,25.546416,76.841464,2526.6,1.22,6.31,67.08,761.47,60.0,0.1,2232.166547394876
2000-01-01 16:00:36,GPS Time :2025-10-5 10:42,25.546079,76.841522,2487.2,1.13,6.39,67.17,763.25,60.0,0.1,2212.405281258086
2000-01-01 16:00:43,GPS Time :2025-10-5 10:42,25.545991,76.841458,2466.2,1.1,6.48,67.08,765.15,24.0,0.1,2191.3529302125617
2000-01-01 16:00:50,GPS Time :2025-10-5 10:42,25.546024,76.841367,2445.1,1.18,6.57,67.63,767.01,36.0,0.1,2170.784751713664
2000-01-01 16:00:57,GPS Time :2025-10-5 10:42,25.546058,76.841273,2424.3,1.23,6.67,68.35,768.84,48.0,0.1,2150.5876983708017
2000-01-01 16:01:03,GPS Time :2025-10-5 10:42,25.545802,76.841207,2424.3,1.11,6.74,68.6,770.61,36.0,0.1,2131.0898446219608
2000-01-01 16:01:10,GPS Time :2025-10-5 10:42,25.545802,76.841207,2385.8,1.29,6.82,68.67,772.48,60.0,0.1,2110.529774065809
2000-01-01 16:01:17,GPS Time :2025-10-5 10:42,25.545613,76.841322,2365.2,1.24,6.87,68.42,774.32,48.0,0.1,2090.3388456400326
2000-01-01 16:01:24,GPS Time :2025-10-5 10:43,25.545462,76.841535,2344.5,1.24,6.95,68.31,776.11,60.0,0.1,2070.733832609338
2000-01-01 16:01:30,GPS Time :2025-10-5 10:43,25.545356,76.841799,2344.5,1.24,7.05,68.33,778.02,72.0,0.1,2049.854855200025
2000-01-01 16:01:37,GPS Time :2025-10-5 10:43,25.545356,76.841799,2344.5,1.26,7.15,68.62,779.87,36.0,0.1,2029.6712957851398
2000-01-01 16:01:44,GPS Time :2025-10-5 10:43,25.545032,76.842179,2284.2,1.18,7.28,69.93,781.78,48.0,0.1,2008.8737716728533
2000-01-01 16:01:51,GPS Time :2025-10-5 10:43,25.544816,76.842251,2262.9,1.15,7.38,70.66,783.67,36.0,0.1,1988.3344851675342
2000-01-01 16:01:58,GPS Time :2025-10-5 10:43,25.544613,76.842258,2241.6,1.13,7.49,70.98,785.61,12.0,0.2,1967.2935073299773
2000-01-01 16:02:04,GPS Time :2025-10-5 10:43,25.544613,76.842258,2241.6,1.1,7.58,71.23,787.48,48.0,0.1,1947.0515277680101
2000-01-01 16:02:11,GPS Time :2025-10-5 10:43,25.544527,76.84214,2202.4,1.11,7.67,71.3,789.45,36.0,0.1,1925.7691480081378
2000-01-01 16:02:18,GPS Time :2025-10-5 10:43,25.54458,76.842109,2181.4,1.11,7.74,71.4,791.19,84.0,0.1,1907.007250767491
2000-01-01 16:02:25,GPS Time :2025-10-5 10:44,25.544701,76.842179,2160.4,1.12,7.8,71.07,793.12,36.0,0.1,1886.2356848331644
2000-01-01 16:02:32,GPS Time :2025-10-5 10:44,25.544826,76.84233,2139.2,1.08,7.9,71.19,795.11,36.0,0.1,1864.8611862172377
2000-01-01 16:02:38,GPS Time :2025-10-5 10:44,25.544826,76.84233,2139.2,1.05,8.0,71.49,796.96,48.0,0.1,1845.0292416560947
2000-01-01 16:02:45,GPS Time :2025-10-5 10:44,25.545024,76.842648,2099.9,1.21,8.09,71.65,798.93,60.0,0.1,1823.95184328543
2000-01-01 16:02:52,GPS Time :2025-10-5 10:44,25.545085,76.842968,2078.4,1.19,8.17,71.79,800.93,36.0,0.1,1802.596477925207
2000-01-01 16:02:59,GPS Time :2025-10-5 10:44,25.544977,76.843358,2057.2,1.24,8.26,71.85,802.8,48.0,0.1,1782.6682391759132
2000-01-01 16:03:06,GPS Time :2025-10-5 10:44,25.544792,76.843697,2057.2,1.22,8.36,72.29,804.78,24.0,0.1,1761.6086806156209
2000-01-01 16:03:12,GPS Time :2025-10-5 10:44,25.544411,76.844229,2057.2,1.15,8.46,72.87,806.7,24.0,0.1,1741.2273214538952
2000-01-01 16:03:19,GPS Time :2025-10-5 10:44,25.544411,76.844229,1996.6,1.19,8.59,74.46,808.74,48.0,0.1,1719.6151229542595
2000-01-01 16:03:26,GPS Time :2025-10-5 10:45,25.544202,76.844415,1975.3,1.11,8.7,74.43,810.6,36.0,0.1,1699.9483235965417
2000-01-01 16:03:33,GPS Time :2025-10-5 10:45,25.543995,76.844631,1953.9,1.19,8.79,74.82,812.56,60.0,0.1,1679.26367280055
2000-01-01 16:03:39,GPS Time :2025-10-5 10:45,25.543831,76.844784,1953.9,1.16,8.91,75.18,814.58,48.0,0.1,1657.9880525821202
2000-01-01 16:03:46,GPS Time :2025-10-5 10:45,25.543831,76.844784,1953.9,1.06,9.0,75.69,816.49,48.0,0.1,1637.910266499721
2000-01-01 16:03:53,GPS Time :2025-10-5 10:45,25.543728,76.845006,1892.9,1.08,9.05,75.61,818.52,72.0,0.1,1616.6126983856896
2000-01-01 16:04:00,GPS Time :2025-10-5 10:45,25.543834,76.84517,1871.8,1.07,9.17,75.82,820.49,36.0,0.1,1595.9854705262512
2000-01-01 16:04:07,GPS Time :2025-10-5 10:45,25.543959,76.845364,1850.9,1.16,9.27,76.61,822.52,36.0,0.1,1574.7719155757163
2000-01-01 16:04:13,GPS Time :2025-10-5 10:45,25.544119,76.845611,1850.9,1.06,9.41,76.89,824.47,24.0,0.1,1554.4342484210226
2000-01-01 16:04:20,GPS Time :2025-10-5 10:45,25.544119,76.845611,1850.9,1.04,9.53,78.04,826.42,36.0,0.1,1534.1354957529893
2000-01-01 16:04:27,GPS Time :2025-10-5 10:46,25.5444,76.846368,1791.2,0.98,9.61,78.4,828.34,36.0,0.1,1514.1868912737161
2000-01-01 16:04:34,GPS Time :2025-10-5 10:46,25.544585,76.846665,1770.7,1.04,9.72,78.74,830.31,48.0,0.1,1493.7576723469663
2000-01-01 16:04:41,GPS Time :2025-10-5 10:46,25.54477,76.846918,1750.3,1.04,9.81,79.1,832.24,24.0,0.1,1473.7812874943281
2000-01-01 16:04:47,GPS Time :2025-10-5 10:46,25.54477,76.846918,1750.3,1.09,9.93,79.54,834.11,72.0,0.1,1454.4616807692437
2000-01-01 16:04:54,GPS Time :2025-10-5 10:46,25.545154,76.847452,1712.5,1.05,10.04,79.35,836.06,48.0,0.1,1434.3528873740775
2000-01-01 16:05:01,GPS Time :2025-10-5 10:46,25.545353,76.847799,1692.2,1.08,10.12,79.4,838.04,48.0,0.1,1413.973550871874
2000-01-01 16:05:08,GPS Time :2025-10-5 10:46,25.545527,76.848033,1672.0,1.04,10.19,79.62,839.9,60.0,0.1,1394.8648121252331
2000-01-01 16:05:15,GPS Time :2025-10-5 10:46,25.545654,76.848221,1651.5,1.04,10.28,79.74,841.9,12.0,0.1,1374.3559766993676
2000-01-01 16:05:21,GPS Time :2025-10-5 10:46,25.545654,76.848221,1651.5,1.05,10.36,79.96,843.79,12.0,0.1,1355.0113527454039
2000-01-01 16:05:28,GPS Time :2025-10-5 10:47,25.545893,76.848546,1613.7,1.0,10.45,80.48,845.73,24.0,0.1,1335.1914241403542
2000-01-01 16:05:35,GPS Time :2025-10-5 10:47,25.546049,76.848733,1593.7,1.03,10.55,80.79,847.63,24.0,0.1,1315.815807074978
2000-01-01 16:05:42,GPS Time :2025-10-5 10:47,25.546197,76.84892,1573.6,1.01,10.65,80.77,849.56,36.0,0.0,1296.1702328667284
2000-01-01 16:05:49,GPS Time :2025-10-5 10:47,25.546334,76.849096,1553.5,1.07,10.72,80.77,851.53,60.0,0.1,1276.1547329832904
2000-01-01 16:05:55,GPS Time :2025-10-5 10:47,25.546334,76.849096,1553.5,0.99,10.83,81.24,853.38,48.0,0.1,1257.392562935869
2000-01-01 16:06:02,GPS Time :2025-10-5 10:47,25.546728,76.849688,1516.7,1.03,10.98,82.34,855.23,60.0,0.0,1238.6633005744993
2000-01-01 16:06:09,GPS Time :2025-10-5 10:47,25.546961,76.850074,1497.2,1.06,11.09,82.72,857.07,12.0,0.0,1220.0677913718753
2000-01-01 16:06:16,GPS Time :2025-10-5 10:47,25.547191,76.850477,1478.0,1.15,11.18,83.08,858.92,60.0,0.0,1201.4037828657774
2000-01-01 16:06:23,GPS Time :2025-10-5 10:48,25.547364,76.85095,1458.7,1.13,11.27,83.35,860.86,24.0,0.0,1181.866729821673
2000-01-01 16:06:29,GPS Time :2025-10-5 10:48,25.547364,76.85095,1458.7,1.15,11.37,83.37,862.64,12.0,0.0,1163.9723184872018
2000-01-01 16:06:36,GPS Time :2025-10-5 10:48,25.54755,76.851879,1422.8,1.15,11.47,83.63,864.53,0.0,0.0,1145.0047718336718
2000-01-01 16:06:43,GPS Time :2025-10-5 10:48,25.547579,76.85237,1403.3,1.13,11.53,83.66,866.44,36.0,0.0,1125.8705929447542
2000-01-01 16:06:50,GPS Time :2025-10-5 10:48,25.547567,76.852827,1383.6,0.98,11.67,84.66,868.38,0.0,0.0,1106.4708105435152
2000-01-01 16:06:57,GPS Time :2025-10-5 10:48,25.547531,76.853262,1364.0,1.01,11.75,84.47,870.21,12.0,0.1,1088.2031564279189
2000-01-01 16:07:03,GPS Time :2025-10-5 10:48,25.547531,76.853262,1364.0,1.02,11.83,84.58,872.29,12.0,0.1,1067.4776556804534
2000-01-01 16:07:10,GPS Time :2025-10-5 10:48,25.54772,76.853981,1326.5,1.01,11.94,85.43,874.28,36.0,0.1,1047.6863573118399
2000-01-01 16:07:17,GPS Time :2025-10-5 10:48,25.547933,76.854152,1305.9,1.0,12.03,85.01,876.42,60.0,0.1,1026.4439179888664
2000-01-01 16:07:24,GPS Time :2025-10-5 10:49,25.548114,76.854304,1284.1,1.01,12.15,84.78,878.63,12.0,0.1,1004.5506723838181
2000-01-01 16:07:31,GPS Time :2025-10-5 10:49,25.548296,76.854491,1261.0,1.03,12.27,84.84,880.91,48.0,0.1,982.0106593719754
2000-01-01 16:07:37,GPS Time :2025-10-5 10:49,25.548659,76.855111,1218.9,0.96,12.35,85.27,883.17,12.0,0.1,959.7149393206356
2000-01-01 16:07:44,GPS Time :2025-10-5 10:49,25.548659,76.855111,1218.9,1.05,12.44,85.34,885.34,48.0,0.1,938.3505374753775
2000-01-01 16:07:51,GPS Time :2025-10-5 10:49,25.548802,76.855523,1196.5,0.94,12.57,84.97,887.64,24.0,0.1,915.7524811654285
2000-01-01 16:07:58,GPS Time :2025-10-5 10:49,25.548943,76.85589,1173.2,1.0,12.65,85.6,889.83,24.0,0.1,894.2792275460262
2000-01-01 16:08:04,GPS Time :2025-10-5 10:49,25.548943,76.85589,1173.2,0.99,12.74,85.77,892.02,24.0,0.1,872.8487271156771
2000-01-01 16:08:11,GPS Time :2025-10-5 10:49,25.54904,76.856224,1131.6,1.01,12.81,85.53,894.39,60.0,0.1,849.7047645941518
2000-01-01 16:08:18,GPS Time :2025-10-5 10:49,25.549083,76.856437,1108.1,1.11,12.92,85.7,896.7,36.0,0.1,827.1944680238162
2000-01-01 16:08:25,GPS Time :2025-10-5 10:50,25.548888,76.856652,1083.9,1.07,13.03,86.07,899.11,12.0,0.1,803.759695755448
2000-01-01 16:08:31,GPS Time :2025-10-5 10:50,25.548888,76.856652,1083.9,1.11,13.16,86.29,901.14,0.0,0.1,784.0594681463197
2000-01-01 16:08:38,GPS Time :2025-10-5 10:50,25.548301,76.857259,1042.5,1.08,13.26,86.43,903.3,36.0,0.1,763.1370729192652
2000-01-01 16:08:45,GPS Time :2025-10-5 10:50,25.548001,76.857652,1020.4,0.98,13.39,87.04,905.41,12.0,0.1,742.7380734532796
2000-01-01 16:08:51,GPS Time :2025-10-5 10:50,25.547891,76.858041,1020.4,0.97,13.53,87.26,907.45,24.0,0.0,723.0523864589117
2000-01-01 16:08:58,GPS Time :2025-10-5 10:50,25.547891,76.858041,1020.4,0.98,13.6,86.82,909.8,96.0,0.0,700.4196162383264
2000-01-01 16:09:05,GPS Time :2025-10-5 10:50,25.547824,76.858627,958.0,0.92,13.71,87.29,912.01,24.0,0.0,679.1783335224104
2000-01-01 16:09:12,GPS Time :2025-10-5 10:50,25.547834,76.858915,936.7,0.85,13.81,87.85,914.15,0.0,0.1,658.6495362353563
2000-01-01 16:09:18,GPS Time :2025-10-5 10:50,25.547834,76.858915,936.7,0.99,13.89,87.84,916.52,48.0,0.1,635.9597373729163
2000-01-01 16:09:25,GPS Time :2025-10-5 10:51,25.547782,76.859465,894.4,1.04,14.0,88.22,918.6,24.0,0.0,616.0854410370498
2000-01-01 16:09:32,GPS Time :2025-10-5 10:51,25.547809,76.859742,873.0,0.94,14.05,88.21,920.87,12.0,0.0,594.4372474808523
2000-01-01 16:09:38,GPS Time :2025-10-5 10:51,25.547829,76.860047,873.0,0.95,14.14,88.26,923.53,12.0,0.0,569.1246791993555
2000-01-01 16:09:45,GPS Time :2025-10-5 10:51,25.547829,76.860047,873.0,0.97,14.23,88.49,926.03,48.0,0.0,545.3884325884471
2000-01-01 16:09:52,GPS Time :2025-10-5 10:51,25.547823,76.860237,802.3,0.99,14.32,88.86,928.84,12.0,0.0,518.7707531306145
2000-01-01 16:09:58,GPS Time :2025-10-5 10:51,25.54776,76.860278,775.7,1.02,14.43,88.99,931.57,0.0,0.0,492.97324911122115
2000-01-01 16:10:05,GPS Time :2025-10-5 10:51,25.547615,76.860293,751.9,1.02,14.5,89.28,934.58,24.0,0.0,464.60071043447016
2000-01-01 16:10:12,GPS Time :2025-10-5 10:51,25.547391,76.860319,721.4,1.04,14.62,89.33,937.39,36.0,0.0,438.1800972101197
2000-01-01 16:10:18,GPS Time :2025-10-5 10:52,25.547048,76.860347,693.8,1.03,14.71,89.56,939.85,36.0,0.0,415.102905692255
2000-01-01 16:10:25,GPS Time :2025-10-5 10:52,25.547048,76.860347,672.9,0.9,14.84,90.26,942.31,0.0,0.0,392.0745755526423
2000-01-01 16:10:31,GPS Time :2025-10-5 10:52,25.54685,76.860383,649.4,0.94,14.94,90.16,944.68,12.0,0.0,369.9347424960226
2000-01-01 16:10:38,GPS Time :2025-10-5 10:52,25.546737,76.860372,649.4,1.04,15.03,90.41,946.7,12.0,0.0,351.09998223710784
2000-01-01 16:10:45,GPS Time :2025-10-5 10:52,25.546636,76.860367,609.1,1.08,15.14,90.46,948.87,36.0,0.0,330.9028246040861
2000-01-01 16:10:51,GPS Time :2025-10-5 10:52,25.546447,76.860407,587.3,1.02,15.24,90.61,951.18,12.0,0.0,309.4436836353108
2000-01-01 16:10:58,GPS Time :2025-10-5 10:52,25.546447,76.860407,587.3,1.01,15.3,90.47,953.73,0.0,0.0,285.8039720584916
2000-01-01 16:11:05,GPS Time :2025-10-5 10:52,25.54606,76.860936,542.4,1.0,15.39,90.37,956.27,12.0,0.0,262.307792543525
2000-01-01 16:11:11,GPS Time :2025-10-5 10:52,25.545909,76.861352,518.0,0.98,15.54,90.76,958.74,24.0,0.0,239.50756346764783
2000-01-01 16:11:18,GPS Time :2025-10-5 10:52,25.545909,76.861352,518.0,0.97,15.62,90.73,961.0,0.0,0.0,218.6874497467765
2000-01-01 16:11:24,GPS Time :2025-10-5 10:53,25.54568,76.862194,475.2,0.95,15.72,90.7,963.37,60.0,0.0,196.89651510014016
2000-01-01 16:11:31,GPS Time :2025-10-5 10:53,25.54547,76.86254,475.2,1.0,15.82,90.92,965.9,24.0,0.0,173.68231574137317
2000-01-01 16:11:38,GPS Time :2025-10-5 10:53,25.545281,76.862844,430.0,0.99,15.92,90.9,968.33,48.0,0.0,151.43198549717877
2000-01-01 16:11:44,GPS Time :2025-10-5 10:53,25.545059,76.863162,407.0,0.96,16.0,91.01,970.28,36.0,0.0,133.60945907443292
2000-01-01 16:11:51,GPS Time :2025-10-5 10:53,25.545059,76.863162,407.0,0.97,16.12,91.35,971.44,24.0,0.0,123.02109551300212
2000-01-01 16:11:58,GPS Time :2025-10-5 10:53,25.545021,76.863827,378.7,0.95,16.22,91.21,973.08,12.0,0.0,108.06879647741451
2000-01-01 16:12:04,GPS Time :2025-10-5 10:53,25.545117,76.864611,363.4,0.96,16.37,91.46,974.69,48.0,0.0,93.40985194878628
2000-01-01 16:12:11,GPS Time :2025-10-5 10:53,25.545117,76.864611,349.3,0.17,16.48,91.72,975.58,72.0,0.0,85.31487380182786
2000-01-01 16:12:17,GPS Time :2025-10-5 10:53,25.545074,76.864763,341.2,0.17,16.49,90.75,975.57,24.0,0.0,85.40579538766019
2000-01-01 16:12:24,GPS Time :2025-10-5 10:53,25.545074,76.864763,341.2,0.18,16.51,90.01,975.54,12.0,0.0,85.6785646734411
2000-01-01 16:12:30,GPS Time :2025-10-5 10:54,25.545076,76.864761,341.9,0.31,16.56,89.33,975.66,24.0,0.0,84.58752828277227
2000-01-01 16:12:37,GPS Time :2025-10-5 10:54,25.545076,76.864769,341.9,0.11,16.61,89.53,975.58,36.0,0.0,85.31487380182786
2000-01-01 16:12:44,GPS Time :2025-10-5 10:54,25.545073,76.864781,342.4,0.1,16.65,89.4,975.56,12.0,0.0,85.49671772819873
2000-01-01 16:12:50,GPS Time :2025-10-5 10:54,25.545074,76.864781,342.3,0.05,16.71,89.55,975.59,36.0,0.0,85.223952970681
2000-01-01 16:12:57,GPS Time :2025-10-5 10:54,25.545077,76.864782,342.2,0.06,16.75,89.58,975.61,36.0,0.0,85.04211357240216
2000-01-01 16:13:03,GPS Time :2025-10-5 10:54,25.545081,76.864784,342.6,0.04,16.81,89.85,975.5,24.0,0.0,86.04226762097086
2000-01-01 16:13:10,GPS Time :2025-10-5 10:54,25.545081,76.864784,342.6,0.06,16.86,90.05,975.5,0.0,0.0,86.04226762097086
2000-01-01 16:13:16,GPS Time :2025-10-5 10:54,25.545085,76.864788,343.0,0.06,16.91,90.24,975.45,12.0,0.0,86.49691328851327
2000-01-01 16:13:23,GPS Time :2025-10-5 10:54,25.545085,76.864788,343.0,0.05,16.98,90.18,975.56,0.0,0.0,85.49671772819873
2000-01-01 16:13:30,GPS Time :2025-10-5 10:55,25.54509,76.864793,343.2,0.06,17.04,90.1,975.62,24.0,0.0,84.95119500523907
2000-01-01 16:13:36,GPS Time :2025-10-5 10:55,25.545095,76.864796,343.2,0.05,17.11,90.13,975.59,24.0,0.0,85.223952970681
2000-01-01 16:13:43,GPS Time :2025-10-5 10:55,25.545095,76.864796,343.2,0.05,17.18,90.58,975.58,48.0,0.0,85.31487380182786
2000-01-01 16:13:49,GPS Time :2025-10-5 10:55,25.545099,76.864798,343.2,0.04,17.25,90.43,975.54,36.0,0.0,85.6785646734411
2000-01-01 16:13:56,GPS Time :2025-10-5 10:55,25.545099,76.864798,343.2,0.06,17.33,90.64,975.55,24.0,0.0,85.58764082345385
2000-01-01 16:14:02,GPS Time :2025-10-5 10:55,25.545104,76.864801,344.1,0.06,17.41,90.53,975.6,12.0,0.0,85.13303289420922
2000-01-01 16:14:09,GPS Time :2025-10-5 10:55,25.545104,76.864801,344.1,0.04,17.48,90.59,975.56,48.0,0.0,85.49671772819873
2000-01-01 16:14:16,GPS Time :2025-10-5 10:55,25.545104,76.864804,345.2,0.06,17.55,91.02,975.65,36.0,0.0,84.67844383148913
2000-01-01 16:14:22,GPS Time :2025-10-5 10:56,25.545104,76.864803,345.2,0.05,17.64,90.23,975.59,12.0,0.0,85.223952970681
2000-01-01 16:14:29,GPS Time :2025-10-5 10:56,25.545105,76.864802,344.9,0.05,17.71,89.75,975.63,36.0,0.0,84.86027719270957
2000-01-01 16:14:35,GPS Time :2025-10-5 10:56,25.545111,76.8648,344.2,0.05,17.8,90.67,975.68,12.0,0.0,84.40569944906298
2000-01-01 16:14:42,GPS Time :2025-10-5 10:56,25.545111,76.8648,344.2,0.06,17.85,90.7,975.6,24.0,0.0,85.13303289420922
2000-01-01 16:14:48,GPS Time :2025-10-5 10:56,25.545112,76.864797,343.8,0.05,17.93,90.84,975.6,0.0,0.0,85.13303289420922
2000-01-01 16:14:55,GPS Time :2025-10-5 10:56,25.545112,76.864797,343.8,0.06,18.02,90.93,975.6,36.0,0.0,85.13303289420922
2000-01-01 16:15:02,GPS Time :2025-10-5 10:56,25.545112,76.864795,343.3,0.04,18.11,91.01,975.62,24.0,0.0,84.95119500523907
2000-01-01 16:15:08,GPS Time :2025-10-5 10:56,25.545111,76.864795,343.3,0.05,18.18,91.38,975.59,36.0,0.0,85.223952970681
2000-01-01 16:15:15,GPS Time :2025-10-5 10:56,25.545111,76.864796,343.0,0.05,18.28,91.42,975.65,36.0,0.0,84.67844383148913
2000-01-01 16:15:21,GPS Time :2025-10-5 10:57,25.545111,76.864798,342.9,0.04,18.38,91.44,975.65,24.0,0.0,84.67844383148913
2000-01-01 16:15:28,GPS Time :2025-10-5 10:57,25.545111,76.864798,342.9,0.04,18.45,91.37,975.56,12.0,0.0,85.49671772819873
2000-01-01 16:15:34,GPS Time :2025-10-5 10:57,25.545113,76.8648,343.1,0.04,18.54,91.54,975.6,0.0,0.0,85.13303289420922
2000-01-01 16:15:41,GPS Time :2025-10-5 10:57,25.545113,76.8648,343.1,0.05,18.63,91.86,975.65,24.0,0.0,84.67844383148913
2000-01-01 16:15:48,GPS Time :2025-10-5 10:57,25.545112,76.864803,344.0,0.05,18.72,91.66,975.7,24.0,0.0,84.22387363354059
